gs://ociautomltest-vcm/42060607.jpg,CAT
gs://ociautomltest-vcm/42060598.jpg,CAT
gs://ociautomltest-vcm/42060583.jpg,CAT
gs://ociautomltest-vcm/42060569.jpg,CAT
gs://ociautomltest-vcm/42060551.jpg,CAT
gs://ociautomltest-vcm/41975910.jpg,CAT
gs://ociautomltest-vcm/41975768.jpg,CAT
gs://ociautomltest-vcm/41975732.jpg,CAT
gs://ociautomltest-vcm/41974427.jpg,CAT
gs://ociautomltest-vcm/41974286.jpg,CAT
gs://ociautomltest-vcm/41850965.jpg,CAT
gs://ociautomltest-vcm/41850960.jpg,CAT
gs://ociautomltest-vcm/41850956.jpg,CAT
gs://ociautomltest-vcm/41850939.jpg,CAT
gs://ociautomltest-vcm/41769733.jpg,CAT
gs://ociautomltest-vcm/41769714.jpg,CAT
gs://ociautomltest-vcm/41769651.jpg,CAT
gs://ociautomltest-vcm/41769640.jpg,CAT
gs://ociautomltest-vcm/41693379.jpg,CAT
gs://ociautomltest-vcm/41628326.jpg,CAT
gs://ociautomltest-vcm/41624409.jpg,CAT
gs://ociautomltest-vcm/41624111.jpg,CAT
gs://ociautomltest-vcm/41583210.jpg,CAT
gs://ociautomltest-vcm/41583006.jpg,CAT
gs://ociautomltest-vcm/41582581.jpg,CAT
gs://ociautomltest-vcm/41582187.jpg,CAT
gs://ociautomltest-vcm/41567665.jpg,CAT
gs://ociautomltest-vcm/41534094.jpg,CAT
gs://ociautomltest-vcm/41511973.jpg,CAT
gs://ociautomltest-vcm/41423985.jpg,CAT
gs://ociautomltest-vcm/41219873.jpg,CAT
gs://ociautomltest-vcm/41084738.jpg,CAT
gs://ociautomltest-vcm/40813515.jpg,CAT
gs://ociautomltest-vcm/40813449.jpg,CAT
gs://ociautomltest-vcm/40668219.jpg,CAT
gs://ociautomltest-vcm/40668211.jpg,CAT
gs://ociautomltest-vcm/40592035.jpg,CAT
gs://ociautomltest-vcm/40591300.jpg,CAT
gs://ociautomltest-vcm/40590538.jpg,CAT
gs://ociautomltest-vcm/39519698.jpg,CAT
gs://ociautomltest-vcm/39486515.jpg,CAT
gs://ociautomltest-vcm/39313515.jpg,CAT
gs://ociautomltest-vcm/39310960.jpg,CAT
gs://ociautomltest-vcm/39310838.jpg,CAT
gs://ociautomltest-vcm/39294929.jpg,CAT
gs://ociautomltest-vcm/39294925.jpg,CAT
gs://ociautomltest-vcm/39294923.jpg,CAT
gs://ociautomltest-vcm/39231747.jpg,CAT
gs://ociautomltest-vcm/39231716.jpg,CAT
gs://ociautomltest-vcm/39201654.jpg,CAT
gs://ociautomltest-vcm/39199837.jpg,CAT
gs://ociautomltest-vcm/39165412.jpg,CAT
gs://ociautomltest-vcm/39165401.jpg,CAT
gs://ociautomltest-vcm/39165215.jpg,CAT
gs://ociautomltest-vcm/39126941.jpg,CAT
gs://ociautomltest-vcm/39126443.jpg,CAT
gs://ociautomltest-vcm/37558911.jpg,CAT
gs://ociautomltest-vcm/34515745.jpg,CAT
gs://ociautomltest-vcm/34455064.jpg,CAT
gs://ociautomltest-vcm/34364614.jpg,CAT
gs://ociautomltest-vcm/34364336.jpg,CAT
gs://ociautomltest-vcm/34364280.jpg,CAT
gs://ociautomltest-vcm/34351275.jpg,CAT
gs://ociautomltest-vcm/34351249.jpg,CAT
gs://ociautomltest-vcm/34241488.jpg,CAT
gs://ociautomltest-vcm/34233985.jpg,CAT
gs://ociautomltest-vcm/33614914.jpg,CAT
gs://ociautomltest-vcm/33437019.jpg,CAT
gs://ociautomltest-vcm/33279752.jpg,CAT
gs://ociautomltest-vcm/33088425.jpg,CAT
gs://ociautomltest-vcm/32902938.jpg,CAT
gs://ociautomltest-vcm/32385946.jpg,CAT
gs://ociautomltest-vcm/32385918.jpg,CAT
gs://ociautomltest-vcm/32121365.jpg,CAT
gs://ociautomltest-vcm/32117437.jpg,CAT
gs://ociautomltest-vcm/31171223.jpg,CAT
gs://ociautomltest-vcm/31140774.jpg,CAT
gs://ociautomltest-vcm/30950931.jpg,CAT
gs://ociautomltest-vcm/30589280.jpg,CAT
gs://ociautomltest-vcm/30230740.jpg,CAT
gs://ociautomltest-vcm/29670153.jpg,CAT
gs://ociautomltest-vcm/28501808.jpg,CAT
gs://ociautomltest-vcm/28197785.jpg,CAT
gs://ociautomltest-vcm/28149805.jpg,CAT
gs://ociautomltest-vcm/26943844.jpg,CAT
gs://ociautomltest-vcm/26676689.jpg,CAT
gs://ociautomltest-vcm/26603772.jpg,CAT
gs://ociautomltest-vcm/26603748.jpg,CAT
gs://ociautomltest-vcm/26544479.jpg,CAT
gs://ociautomltest-vcm/25688387.jpg,CAT
gs://ociautomltest-vcm/25688353.jpg,CAT
gs://ociautomltest-vcm/25227738.jpg,CAT
gs://ociautomltest-vcm/24996178.jpg,CAT
gs://ociautomltest-vcm/24950110.jpg,CAT
gs://ociautomltest-vcm/24713845.jpg,CAT
gs://ociautomltest-vcm/24620968.jpg,CAT
gs://ociautomltest-vcm/24556009.jpg,CAT
gs://ociautomltest-vcm/24509503.jpg,CAT
gs://ociautomltest-vcm/24500612.jpg,CAT
gs://ociautomltest-vcm/24499902.jpg,CAT
gs://ociautomltest-vcm/24322996.jpg,CAT
gs://ociautomltest-vcm/24076888.jpg,CAT
gs://ociautomltest-vcm/22442762.jpg,CAT
gs://ociautomltest-vcm/21748200.jpg,CAT
gs://ociautomltest-vcm/20606553.jpg,CAT
gs://ociautomltest-vcm/20606371.jpg,CAT
gs://ociautomltest-vcm/20605772.jpg,CAT
gs://ociautomltest-vcm/20096360.jpg,CAT
gs://ociautomltest-vcm/20087166.jpg,CAT
gs://ociautomltest-vcm/20067084.jpg,CAT
gs://ociautomltest-vcm/19740920.jpg,CAT
gs://ociautomltest-vcm/42016258.jpg,CAT
gs://ociautomltest-vcm/42005314.jpg,CAT
gs://ociautomltest-vcm/41993334.jpg,CAT
gs://ociautomltest-vcm/41993333.jpg,CAT
gs://ociautomltest-vcm/41963806.jpg,CAT
gs://ociautomltest-vcm/41963805.jpg,CAT
gs://ociautomltest-vcm/41768180.jpg,CAT
gs://ociautomltest-vcm/41768181.jpg,CAT
gs://ociautomltest-vcm/41768178.jpg,CAT
gs://ociautomltest-vcm/41768182.jpg,CAT
gs://ociautomltest-vcm/41768165.jpg,CAT
gs://ociautomltest-vcm/41768167.jpg,CAT
gs://ociautomltest-vcm/41768172.jpg,CAT
gs://ociautomltest-vcm/41768179.jpg,CAT
gs://ociautomltest-vcm/41768175.jpg,CAT
gs://ociautomltest-vcm/41768177.jpg,CAT
gs://ociautomltest-vcm/41768174.jpg,CAT
gs://ociautomltest-vcm/41768176.jpg,CAT
gs://ociautomltest-vcm/41668210.jpg,CAT
gs://ociautomltest-vcm/41649137.jpg,CAT
gs://ociautomltest-vcm/41649125.jpg,CAT
gs://ociautomltest-vcm/41649120.jpg,CAT
gs://ociautomltest-vcm/41611527.jpg,CAT
gs://ociautomltest-vcm/41597795.jpg,CAT
gs://ociautomltest-vcm/41550009.jpg,CAT
gs://ociautomltest-vcm/41307985.jpg,CAT
gs://ociautomltest-vcm/40893743.jpg,CAT
gs://ociautomltest-vcm/40128842.jpg,CAT
gs://ociautomltest-vcm/38988544.jpg,CAT
gs://ociautomltest-vcm/38165460.jpg,CAT
gs://ociautomltest-vcm/37647769.jpg,CAT
gs://ociautomltest-vcm/37230151.jpg,CAT
gs://ociautomltest-vcm/36557388.jpg,CAT
gs://ociautomltest-vcm/35738149.jpg,CAT
gs://ociautomltest-vcm/34730576.jpg,CAT
gs://ociautomltest-vcm/34665418.jpg,CAT
gs://ociautomltest-vcm/33880686.jpg,CAT
gs://ociautomltest-vcm/33400356.jpg,CAT
gs://ociautomltest-vcm/30286648.jpg,CAT
gs://ociautomltest-vcm/27902693.jpg,CAT
gs://ociautomltest-vcm/26168875.jpg,CAT
gs://ociautomltest-vcm/25034769.jpg,CAT
gs://ociautomltest-vcm/24501272.jpg,CAT
gs://ociautomltest-vcm/23985647.jpg,CAT
gs://ociautomltest-vcm/23643102.jpg,CAT
gs://ociautomltest-vcm/23084099.jpg,CAT
gs://ociautomltest-vcm/23084038.jpg,CAT
gs://ociautomltest-vcm/20328584.jpg,CAT
gs://ociautomltest-vcm/42093886.jpg,CAT
gs://ociautomltest-vcm/42087882.jpg,CAT
gs://ociautomltest-vcm/42087887.jpg,CAT
gs://ociautomltest-vcm/42087884.jpg,CAT
gs://ociautomltest-vcm/42087888.jpg,CAT
gs://ociautomltest-vcm/42087885.jpg,CAT
gs://ociautomltest-vcm/42087880.jpg,CAT
gs://ociautomltest-vcm/42087881.jpg,CAT
gs://ociautomltest-vcm/42087886.jpg,CAT
gs://ociautomltest-vcm/42087877.jpg,CAT
gs://ociautomltest-vcm/42087876.jpg,CAT
gs://ociautomltest-vcm/42076374.jpg,CAT
gs://ociautomltest-vcm/42076375.jpg,CAT
gs://ociautomltest-vcm/42076381.jpg,CAT
gs://ociautomltest-vcm/42076379.jpg,CAT
gs://ociautomltest-vcm/42076385.jpg,CAT
gs://ociautomltest-vcm/42069442.jpg,CAT
gs://ociautomltest-vcm/42069440.jpg,CAT
gs://ociautomltest-vcm/42069439.jpg,CAT
gs://ociautomltest-vcm/42069445.jpg,CAT
gs://ociautomltest-vcm/42063116.jpg,CAT
gs://ociautomltest-vcm/42063118.jpg,CAT
gs://ociautomltest-vcm/42055998.jpg,CAT
gs://ociautomltest-vcm/42037541.jpg,CAT
gs://ociautomltest-vcm/42037537.jpg,CAT
gs://ociautomltest-vcm/42037545.jpg,CAT
gs://ociautomltest-vcm/42026894.jpg,CAT
gs://ociautomltest-vcm/42026889.jpg,CAT
gs://ociautomltest-vcm/42026924.jpg,CAT
gs://ociautomltest-vcm/41929562.jpg,CAT
gs://ociautomltest-vcm/41457830.jpg,CAT
gs://ociautomltest-vcm/41457819.jpg,CAT
gs://ociautomltest-vcm/38341470.jpg,CAT
gs://ociautomltest-vcm/36503555.jpg,CAT
gs://ociautomltest-vcm/41972306.jpg,CAT
gs://ociautomltest-vcm/41972388.jpg,CAT
gs://ociautomltest-vcm/41972220.jpg,CAT
gs://ociautomltest-vcm/41923676.jpg,CAT
gs://ociautomltest-vcm/41923661.jpg,CAT
gs://ociautomltest-vcm/41923655.jpg,CAT
gs://ociautomltest-vcm/41912647.jpg,CAT
gs://ociautomltest-vcm/41912631.jpg,CAT
gs://ociautomltest-vcm/41912557.jpg,CAT
gs://ociautomltest-vcm/39490684.jpg,CAT
gs://ociautomltest-vcm/37844049.jpg,CAT
gs://ociautomltest-vcm/35782510.jpg,CAT
gs://ociautomltest-vcm/34216683.jpg,CAT
gs://ociautomltest-vcm/42043712.jpg,CAT
gs://ociautomltest-vcm/41956020.jpg,CAT
gs://ociautomltest-vcm/41956007.jpg,CAT
gs://ociautomltest-vcm/41897964.jpg,CAT
gs://ociautomltest-vcm/41897916.jpg,CAT
gs://ociautomltest-vcm/41746395.jpg,CAT
gs://ociautomltest-vcm/41746360.jpg,CAT
gs://ociautomltest-vcm/41682114.jpg,CAT
gs://ociautomltest-vcm/41682107.jpg,CAT
gs://ociautomltest-vcm/41682105.jpg,CAT
gs://ociautomltest-vcm/41682101.jpg,CAT
gs://ociautomltest-vcm/41682078.jpg,CAT
gs://ociautomltest-vcm/41591051.jpg,CAT
gs://ociautomltest-vcm/41590904.jpg,CAT
gs://ociautomltest-vcm/41590839.jpg,CAT
gs://ociautomltest-vcm/41590674.jpg,CAT
gs://ociautomltest-vcm/41590612.jpg,CAT
gs://ociautomltest-vcm/41585420.jpg,CAT
gs://ociautomltest-vcm/41585382.jpg,CAT
gs://ociautomltest-vcm/41585375.jpg,CAT
gs://ociautomltest-vcm/41585362.jpg,CAT
gs://ociautomltest-vcm/41585342.jpg,CAT
gs://ociautomltest-vcm/41585336.jpg,CAT
gs://ociautomltest-vcm/41139237.jpg,CAT
gs://ociautomltest-vcm/41139234.jpg,CAT
gs://ociautomltest-vcm/41139205.jpg,CAT
gs://ociautomltest-vcm/41139166.jpg,CAT
gs://ociautomltest-vcm/40523791.jpg,CAT
gs://ociautomltest-vcm/40504924.jpg,CAT
gs://ociautomltest-vcm/40477337.jpg,CAT
gs://ociautomltest-vcm/40358454.jpg,CAT
gs://ociautomltest-vcm/33860901.jpg,CAT
gs://ociautomltest-vcm/33860839.jpg,CAT
gs://ociautomltest-vcm/33860801.jpg,CAT
gs://ociautomltest-vcm/32314270.jpg,CAT
gs://ociautomltest-vcm/32314193.jpg,CAT
gs://ociautomltest-vcm/31495702.jpg,CAT
gs://ociautomltest-vcm/30066221.jpg,CAT
gs://ociautomltest-vcm/28116462.jpg,CAT
gs://ociautomltest-vcm/25989653.jpg,CAT
gs://ociautomltest-vcm/25989639.jpg,CAT
gs://ociautomltest-vcm/25989615.jpg,CAT
gs://ociautomltest-vcm/25989556.jpg,CAT
gs://ociautomltest-vcm/25989544.jpg,CAT
gs://ociautomltest-vcm/25989406.jpg,CAT
gs://ociautomltest-vcm/22743333.jpg,CAT
gs://ociautomltest-vcm/9224712.jpg,CAT
gs://ociautomltest-vcm/8643711.jpg,CAT
gs://ociautomltest-vcm/42078739.jpg,CAT
gs://ociautomltest-vcm/42064742.jpg,CAT
gs://ociautomltest-vcm/42058226.jpg,CAT
gs://ociautomltest-vcm/42058219.jpg,CAT
gs://ociautomltest-vcm/42058217.jpg,CAT
gs://ociautomltest-vcm/42058214.jpg,CAT
gs://ociautomltest-vcm/42058215.jpg,CAT
gs://ociautomltest-vcm/42058213.jpg,CAT
gs://ociautomltest-vcm/42040197.jpg,CAT
gs://ociautomltest-vcm/42040188.jpg,CAT
gs://ociautomltest-vcm/42029775.jpg,CAT
gs://ociautomltest-vcm/42029774.jpg,CAT
gs://ociautomltest-vcm/42029771.jpg,CAT
gs://ociautomltest-vcm/41993391.jpg,CAT
gs://ociautomltest-vcm/41993393.jpg,CAT
gs://ociautomltest-vcm/41993384.jpg,CAT
gs://ociautomltest-vcm/41993388.jpg,CAT
gs://ociautomltest-vcm/41993405.jpg,CAT
gs://ociautomltest-vcm/41985516.jpg,CAT
gs://ociautomltest-vcm/41971624.jpg,CAT
gs://ociautomltest-vcm/41958861.jpg,CAT
gs://ociautomltest-vcm/41948132.jpg,CAT
gs://ociautomltest-vcm/41930687.jpg,CAT
gs://ociautomltest-vcm/41922198.jpg,CAT
gs://ociautomltest-vcm/41922197.jpg,CAT
gs://ociautomltest-vcm/41909034.jpg,CAT
gs://ociautomltest-vcm/41895417.jpg,CAT
gs://ociautomltest-vcm/41833555.jpg,CAT
gs://ociautomltest-vcm/41833554.jpg,CAT
gs://ociautomltest-vcm/41833556.jpg,CAT
gs://ociautomltest-vcm/41822627.jpg,CAT
gs://ociautomltest-vcm/41778734.jpg,CAT
gs://ociautomltest-vcm/41762243.jpg,CAT
gs://ociautomltest-vcm/41701734.jpg,CAT
gs://ociautomltest-vcm/41696415.jpg,CAT
gs://ociautomltest-vcm/41677402.jpg,CAT
gs://ociautomltest-vcm/41663176.jpg,CAT
gs://ociautomltest-vcm/41663170.jpg,CAT
gs://ociautomltest-vcm/41635850.jpg,CAT
gs://ociautomltest-vcm/41629884.jpg,CAT
gs://ociautomltest-vcm/41600815.jpg,CAT
gs://ociautomltest-vcm/41600816.jpg,CAT
gs://ociautomltest-vcm/41592312.jpg,CAT
gs://ociautomltest-vcm/41510023.jpg,CAT
gs://ociautomltest-vcm/42078814.jpg,CAT
gs://ociautomltest-vcm/42078813.jpg,CAT
gs://ociautomltest-vcm/42078812.jpg,CAT
gs://ociautomltest-vcm/42078811.jpg,CAT
gs://ociautomltest-vcm/42078810.jpg,CAT
gs://ociautomltest-vcm/42078809.jpg,CAT
gs://ociautomltest-vcm/42029840.jpg,CAT
gs://ociautomltest-vcm/42029839.jpg,CAT
gs://ociautomltest-vcm/42029837.jpg,CAT
gs://ociautomltest-vcm/42029833.jpg,CAT
gs://ociautomltest-vcm/42029838.jpg,CAT
gs://ociautomltest-vcm/42029836.jpg,CAT
gs://ociautomltest-vcm/42029837.jpg,CAT
gs://ociautomltest-vcm/42029834.jpg,CAT
gs://ociautomltest-vcm/42019903.jpg,CAT
gs://ociautomltest-vcm/42019902.jpg,CAT
gs://ociautomltest-vcm/42019901.jpg,CAT
gs://ociautomltest-vcm/42004291.jpg,CAT
gs://ociautomltest-vcm/42004290.jpg,CAT
gs://ociautomltest-vcm/41999148.jpg,CAT
gs://ociautomltest-vcm/41999147.jpg,CAT
gs://ociautomltest-vcm/41977636.jpg,CAT
gs://ociautomltest-vcm/41948201.jpg,CAT
gs://ociautomltest-vcm/41948200.jpg,CAT
gs://ociautomltest-vcm/41939721.jpg,CAT
gs://ociautomltest-vcm/41939723.jpg,CAT
gs://ociautomltest-vcm/41939722.jpg,CAT
gs://ociautomltest-vcm/41930745.jpg,CAT
gs://ociautomltest-vcm/41930746.jpg,CAT
gs://ociautomltest-vcm/41930750.jpg,CAT
gs://ociautomltest-vcm/41930747.jpg,CAT
gs://ociautomltest-vcm/41930749.jpg,CAT
gs://ociautomltest-vcm/41930748.jpg,CAT
gs://ociautomltest-vcm/41922240.jpg,CAT
gs://ociautomltest-vcm/41922239.jpg,CAT
gs://ociautomltest-vcm/41922238.jpg,CAT
gs://ociautomltest-vcm/41909091.jpg,CAT
gs://ociautomltest-vcm/41909090.jpg,CAT
gs://ociautomltest-vcm/41872353.jpg,CAT
gs://ociautomltest-vcm/41868898.jpg,CAT
gs://ociautomltest-vcm/41865226.jpg,CAT
gs://ociautomltest-vcm/41865225.jpg,CAT
gs://ociautomltest-vcm/41848735.jpg,CAT
gs://ociautomltest-vcm/41848734.jpg,CAT
gs://ociautomltest-vcm/41848736.jpg,CAT
gs://ociautomltest-vcm/41822670.jpg,CAT
gs://ociautomltest-vcm/41822672.jpg,CAT
gs://ociautomltest-vcm/41822667.jpg,CAT
gs://ociautomltest-vcm/41822668.jpg,CAT
gs://ociautomltest-vcm/41822670.jpg,CAT
gs://ociautomltest-vcm/41822666.jpg,CAT
gs://ociautomltest-vcm/41806910.jpg,CAT
gs://ociautomltest-vcm/41806907.jpg,CAT
gs://ociautomltest-vcm/41806906.jpg,CAT
gs://ociautomltest-vcm/41801848.jpg,CAT
gs://ociautomltest-vcm/41801845.jpg,CAT
gs://ociautomltest-vcm/41791660.jpg,CAT
gs://ociautomltest-vcm/41762266.jpg,CAT
gs://ociautomltest-vcm/41752582.jpg,CAT
gs://ociautomltest-vcm/41752581.jpg,CAT
gs://ociautomltest-vcm/41752580.jpg,CAT
gs://ociautomltest-vcm/41752579.jpg,CAT
gs://ociautomltest-vcm/41716021.jpg,CAT
gs://ociautomltest-vcm/41672573.jpg,CAT
gs://ociautomltest-vcm/41672570.jpg,CAT
gs://ociautomltest-vcm/41672572.jpg,CAT
gs://ociautomltest-vcm/41672568.jpg,CAT
gs://ociautomltest-vcm/41659308.jpg,CAT
gs://ociautomltest-vcm/41659303.jpg,CAT
gs://ociautomltest-vcm/41659302.jpg,CAT
gs://ociautomltest-vcm/41659306.jpg,CAT
gs://ociautomltest-vcm/41646105.jpg,CAT
gs://ociautomltest-vcm/41646104.jpg,CAT
gs://ociautomltest-vcm/41646101.jpg,CAT
gs://ociautomltest-vcm/41646100.jpg,CAT
gs://ociautomltest-vcm/41646099.jpg,CAT
gs://ociautomltest-vcm/41635874.jpg,CAT
gs://ociautomltest-vcm/41635873.jpg,CAT
gs://ociautomltest-vcm/41635871.jpg,CAT
gs://ociautomltest-vcm/41584896.jpg,CAT
gs://ociautomltest-vcm/41584889.jpg,CAT
gs://ociautomltest-vcm/41576775.jpg,CAT
gs://ociautomltest-vcm/41567063.jpg,CAT
gs://ociautomltest-vcm/41567069.jpg,CAT
gs://ociautomltest-vcm/41567061.jpg,CAT
gs://ociautomltest-vcm/41567062.jpg,CAT
gs://ociautomltest-vcm/41567065.jpg,CAT
gs://ociautomltest-vcm/34789592.jpg,CAT
gs://ociautomltest-vcm/34789593.jpg,CAT
gs://ociautomltest-vcm/34789588.jpg,CAT
gs://ociautomltest-vcm/34789590.jpg,CAT
gs://ociautomltest-vcm/34789583.jpg,CAT
gs://ociautomltest-vcm/34789585.jpg,CAT
gs://ociautomltest-vcm/34789586.jpg,CAT
gs://ociautomltest-vcm/34616608.jpg,CAT
gs://ociautomltest-vcm/34540724.jpg,CAT
gs://ociautomltest-vcm/34517892.jpg,CAT
gs://ociautomltest-vcm/33954917.jpg,CAT
gs://ociautomltest-vcm/33675961.jpg,CAT
gs://ociautomltest-vcm/33654300.jpg,CAT
gs://ociautomltest-vcm/33654301.jpg,CAT
gs://ociautomltest-vcm/33654295.jpg,CAT
gs://ociautomltest-vcm/33654296.jpg,CAT
gs://ociautomltest-vcm/33654297.jpg,CAT
gs://ociautomltest-vcm/33654290.jpg,CAT
gs://ociautomltest-vcm/33163902.jpg,CAT
gs://ociautomltest-vcm/33149223.jpg,CAT
gs://ociautomltest-vcm/33149224.jpg,CAT
gs://ociautomltest-vcm/33051225.jpg,CAT
gs://ociautomltest-vcm/32715536.jpg,CAT
gs://ociautomltest-vcm/32632986.jpg,CAT
gs://ociautomltest-vcm/32377255.jpg,CAT
gs://ociautomltest-vcm/32377257.jpg,CAT
gs://ociautomltest-vcm/32377246.jpg,CAT
gs://ociautomltest-vcm/32377243.jpg,CAT
gs://ociautomltest-vcm/32377239.jpg,CAT
gs://ociautomltest-vcm/32376982.jpg,CAT
gs://ociautomltest-vcm/32165565.jpg,CAT
gs://ociautomltest-vcm/32165563.jpg,CAT
gs://ociautomltest-vcm/32165546.jpg,CAT
gs://ociautomltest-vcm/32096716.jpg,CAT
gs://ociautomltest-vcm/31886014.jpg,CAT
gs://ociautomltest-vcm/31834872.jpg,CAT
gs://ociautomltest-vcm/31834867.jpg,CAT
gs://ociautomltest-vcm/31826672.jpg,CAT
gs://ociautomltest-vcm/31826666.jpg,CAT
gs://ociautomltest-vcm/31826649.jpg,CAT
gs://ociautomltest-vcm/31826646.jpg,CAT
gs://ociautomltest-vcm/31826627.jpg,CAT
gs://ociautomltest-vcm/31826601.jpg,CAT
gs://ociautomltest-vcm/31826585.jpg,CAT
gs://ociautomltest-vcm/31826584.jpg,CAT
gs://ociautomltest-vcm/42092985.jpg,CAT
gs://ociautomltest-vcm/42086632.jpg,CAT
gs://ociautomltest-vcm/42068177.jpg,CAT
gs://ociautomltest-vcm/42068182.jpg,CAT
gs://ociautomltest-vcm/42068179.jpg,CAT
gs://ociautomltest-vcm/42068185.jpg,CAT
gs://ociautomltest-vcm/42068181.jpg,CAT
gs://ociautomltest-vcm/42068180.jpg,CAT
gs://ociautomltest-vcm/42054198.jpg,CAT
gs://ociautomltest-vcm/42054201.jpg,CAT
gs://ociautomltest-vcm/42054204.jpg,CAT
gs://ociautomltest-vcm/42054199.jpg,CAT
gs://ociautomltest-vcm/42054200.jpg,CAT
gs://ociautomltest-vcm/42054202.jpg,CAT
gs://ociautomltest-vcm/42025057.jpg,CAT
gs://ociautomltest-vcm/42016086.jpg,CAT
gs://ociautomltest-vcm/42016087.jpg,CAT
gs://ociautomltest-vcm/41989845.jpg,CAT
gs://ociautomltest-vcm/41965748.jpg,CAT
gs://ociautomltest-vcm/41965747.jpg,CAT
gs://ociautomltest-vcm/41965749.jpg,CAT
gs://ociautomltest-vcm/41965746.jpg,CAT
gs://ociautomltest-vcm/41965745.jpg,CAT
gs://ociautomltest-vcm/41949632.jpg,CAT
gs://ociautomltest-vcm/41928816.jpg,CAT
gs://ociautomltest-vcm/41898623.jpg,CAT
gs://ociautomltest-vcm/41898626.jpg,CAT
gs://ociautomltest-vcm/41862952.jpg,CAT
gs://ociautomltest-vcm/41851031.jpg,CAT
gs://ociautomltest-vcm/41851020.jpg,CAT
gs://ociautomltest-vcm/41844942.jpg,CAT
gs://ociautomltest-vcm/41844941.jpg,CAT
gs://ociautomltest-vcm/41788594.jpg,CAT
gs://ociautomltest-vcm/41719062.jpg,CAT
gs://ociautomltest-vcm/41694424.jpg,CAT
gs://ociautomltest-vcm/41590313.jpg,CAT
gs://ociautomltest-vcm/41464085.jpg,CAT
gs://ociautomltest-vcm/41330952.jpg,CAT
gs://ociautomltest-vcm/41291667.jpg,CAT
gs://ociautomltest-vcm/37233123.jpg,CAT
gs://ociautomltest-vcm/41898048.jpg,CAT
gs://ociautomltest-vcm/41542883.jpg,CAT
gs://ociautomltest-vcm/41492627.jpg,CAT
gs://ociautomltest-vcm/41492532.jpg,CAT
gs://ociautomltest-vcm/41492487.jpg,CAT
gs://ociautomltest-vcm/41438860.jpg,CAT
gs://ociautomltest-vcm/39756043.jpg,CAT
gs://ociautomltest-vcm/39237548.jpg,CAT
gs://ociautomltest-vcm/39228012.jpg,CAT
gs://ociautomltest-vcm/39227874.jpg,CAT
gs://ociautomltest-vcm/41932943.jpg,CAT
gs://ociautomltest-vcm/41913383.jpg,CAT
gs://ociautomltest-vcm/41913125.jpg,CAT
gs://ociautomltest-vcm/41786992.jpg,CAT
gs://ociautomltest-vcm/41780249.jpg,CAT
gs://ociautomltest-vcm/41775383.jpg,CAT
gs://ociautomltest-vcm/41656743.jpg,CAT
gs://ociautomltest-vcm/41656711.jpg,CAT
gs://ociautomltest-vcm/41563213.jpg,CAT
gs://ociautomltest-vcm/41563207.jpg,CAT
gs://ociautomltest-vcm/41535519.jpg,CAT
gs://ociautomltest-vcm/41520661.jpg,CAT
gs://ociautomltest-vcm/41468894.jpg,CAT
gs://ociautomltest-vcm/41256667.jpg,CAT
gs://ociautomltest-vcm/40876862.jpg,CAT
gs://ociautomltest-vcm/40791828.jpg,CAT
gs://ociautomltest-vcm/40735635.jpg,CAT
gs://ociautomltest-vcm/40705331.jpg,CAT
gs://ociautomltest-vcm/39915956.jpg,CAT
gs://ociautomltest-vcm/39355785.jpg,CAT
gs://ociautomltest-vcm/39355767.jpg,CAT
gs://ociautomltest-vcm/38854935.jpg,CAT
gs://ociautomltest-vcm/38806239.jpg,CAT
gs://ociautomltest-vcm/38768716.jpg,CAT
gs://ociautomltest-vcm/38171260.jpg,CAT
gs://ociautomltest-vcm/38161465.jpg,CAT
gs://ociautomltest-vcm/38120226.jpg,CAT
gs://ociautomltest-vcm/38058529.jpg,CAT
gs://ociautomltest-vcm/37728364.jpg,CAT
gs://ociautomltest-vcm/37623905.jpg,CAT
gs://ociautomltest-vcm/37443180.jpg,CAT
gs://ociautomltest-vcm/37435274.jpg,CAT
gs://ociautomltest-vcm/37306738.jpg,CAT
gs://ociautomltest-vcm/37295331.jpg,CAT
gs://ociautomltest-vcm/37272270.jpg,CAT
gs://ociautomltest-vcm/37168480.jpg,CAT
gs://ociautomltest-vcm/37006907.jpg,CAT
gs://ociautomltest-vcm/36970023.jpg,CAT
gs://ociautomltest-vcm/36863062.jpg,CAT
gs://ociautomltest-vcm/36736992.jpg,CAT
gs://ociautomltest-vcm/36091623.jpg,CAT
gs://ociautomltest-vcm/35879313.jpg,CAT
gs://ociautomltest-vcm/35022539.jpg,CAT
gs://ociautomltest-vcm/34601323.jpg,CAT
gs://ociautomltest-vcm/34243974.jpg,CAT
gs://ociautomltest-vcm/33987085.jpg,CAT
gs://ociautomltest-vcm/33987076.jpg,CAT
gs://ociautomltest-vcm/33937847.jpg,CAT
gs://ociautomltest-vcm/33937821.jpg,CAT
gs://ociautomltest-vcm/31673876.jpg,CAT
gs://ociautomltest-vcm/31257277.jpg,CAT
gs://ociautomltest-vcm/30541001.jpg,CAT
gs://ociautomltest-vcm/29624586.jpg,CAT
gs://ociautomltest-vcm/29618945.jpg,CAT
gs://ociautomltest-vcm/28718746.jpg,CAT
gs://ociautomltest-vcm/27819868.jpg,CAT
gs://ociautomltest-vcm/27813977.jpg,CAT
gs://ociautomltest-vcm/27812304.jpg,CAT
gs://ociautomltest-vcm/27799091.jpg,CAT
gs://ociautomltest-vcm/19017649.jpg,CAT
gs://ociautomltest-vcm/37444022.jpg,CAT
gs://ociautomltest-vcm/37444021.jpg,CAT
gs://ociautomltest-vcm/42067931.jpg,CAT
gs://ociautomltest-vcm/42067726.jpg,CAT
gs://ociautomltest-vcm/42067715.jpg,CAT
gs://ociautomltest-vcm/42067695.jpg,CAT
gs://ociautomltest-vcm/41960248.jpg,CAT
gs://ociautomltest-vcm/41960237.jpg,CAT
gs://ociautomltest-vcm/41912067.jpg,CAT
gs://ociautomltest-vcm/41912064.jpg,CAT
gs://ociautomltest-vcm/41911956.jpg,CAT
gs://ociautomltest-vcm/41870678.jpg,CAT
gs://ociautomltest-vcm/41870673.jpg,CAT
gs://ociautomltest-vcm/41870668.jpg,CAT
gs://ociautomltest-vcm/41870655.jpg,CAT
gs://ociautomltest-vcm/41807594.jpg,CAT
gs://ociautomltest-vcm/41807545.jpg,CAT
gs://ociautomltest-vcm/41804778.jpg,CAT
gs://ociautomltest-vcm/41804769.jpg,CAT
gs://ociautomltest-vcm/41804766.jpg,CAT
gs://ociautomltest-vcm/41804747.jpg,CAT
gs://ociautomltest-vcm/41804681.jpg,CAT
gs://ociautomltest-vcm/41804616.jpg,CAT
gs://ociautomltest-vcm/41804604.jpg,CAT
gs://ociautomltest-vcm/41804569.jpg,CAT
gs://ociautomltest-vcm/41797131.jpg,CAT
gs://ociautomltest-vcm/41585444.jpg,CAT
gs://ociautomltest-vcm/40869117.jpg,CAT
gs://ociautomltest-vcm/39778826.jpg,CAT
gs://ociautomltest-vcm/41942124.jpg,CAT
gs://ociautomltest-vcm/41942615.jpg,CAT
gs://ociautomltest-vcm/41960516.jpg,CAT
gs://ociautomltest-vcm/41960502.jpg,CAT
gs://ociautomltest-vcm/41960458.jpg,CAT
gs://ociautomltest-vcm/41960421.jpg,CAT
gs://ociautomltest-vcm/41960359.jpg,CAT
gs://ociautomltest-vcm/41960327.jpg,CAT
gs://ociautomltest-vcm/41942730.jpg,CAT
gs://ociautomltest-vcm/41942727.jpg,CAT
gs://ociautomltest-vcm/41942722.jpg,CAT
gs://ociautomltest-vcm/41942713.jpg,CAT
gs://ociautomltest-vcm/41942710.jpg,CAT
gs://ociautomltest-vcm/41942702.jpg,CAT
gs://ociautomltest-vcm/41942662.jpg,CAT
gs://ociautomltest-vcm/41942641.jpg,CAT
gs://ociautomltest-vcm/41942635.jpg,CAT
gs://ociautomltest-vcm/41942629.jpg,CAT
gs://ociautomltest-vcm/41942616.jpg,CAT
gs://ociautomltest-vcm/41942601.jpg,CAT
gs://ociautomltest-vcm/41942592.jpg,CAT
gs://ociautomltest-vcm/41942079.jpg,CAT
gs://ociautomltest-vcm/41669847.jpg,CAT
gs://ociautomltest-vcm/41669834.jpg,CAT
gs://ociautomltest-vcm/41669825.jpg,CAT
gs://ociautomltest-vcm/41669795.jpg,CAT
gs://ociautomltest-vcm/41314292.jpg,CAT
gs://ociautomltest-vcm/42090342.jpg,CAT
gs://ociautomltest-vcm/42090340.jpg,CAT
gs://ociautomltest-vcm/42090338.jpg,CAT
gs://ociautomltest-vcm/42090339.jpg,CAT
gs://ociautomltest-vcm/42090341.jpg,CAT
gs://ociautomltest-vcm/42090344.jpg,CAT
gs://ociautomltest-vcm/42090346.jpg,CAT
gs://ociautomltest-vcm/42090348.jpg,CAT
gs://ociautomltest-vcm/42090337.jpg,CAT
gs://ociautomltest-vcm/42090343.jpg,CAT
gs://ociautomltest-vcm/42090345.jpg,CAT
gs://ociautomltest-vcm/41903121.jpg,CAT
gs://ociautomltest-vcm/41849375.jpg,CAT
gs://ociautomltest-vcm/41786522.jpg,CAT
gs://ociautomltest-vcm/41767453.jpg,CAT
gs://ociautomltest-vcm/41727557.jpg,CAT
gs://ociautomltest-vcm/41561764.jpg,CAT
gs://ociautomltest-vcm/41545240.jpg,CAT
gs://ociautomltest-vcm/41440944.jpg,CAT
gs://ociautomltest-vcm/40886463.jpg,CAT
gs://ociautomltest-vcm/42090068.jpg,CAT
gs://ociautomltest-vcm/42090067.jpg,CAT
gs://ociautomltest-vcm/42090069.jpg,CAT
gs://ociautomltest-vcm/42090064.jpg,CAT
gs://ociautomltest-vcm/42071334.jpg,CAT
gs://ociautomltest-vcm/42065033.jpg,CAT
gs://ociautomltest-vcm/42058725.jpg,CAT
gs://ociautomltest-vcm/41993823.jpg,CAT
gs://ociautomltest-vcm/41985908.jpg,CAT
gs://ociautomltest-vcm/41985912.jpg,CAT
gs://ociautomltest-vcm/41985919.jpg,CAT
gs://ociautomltest-vcm/41959131.jpg,CAT
gs://ociautomltest-vcm/41822967.jpg,CAT
gs://ociautomltest-vcm/41800161.jpg,CAT
gs://ociautomltest-vcm/42064165.jpg,CAT
gs://ociautomltest-vcm/42011685.jpg,CAT
gs://ociautomltest-vcm/42011461.jpg,CAT
gs://ociautomltest-vcm/41812349.jpg,CAT
gs://ociautomltest-vcm/41812332.jpg,CAT
gs://ociautomltest-vcm/41613015.jpg,CAT
gs://ociautomltest-vcm/41612988.jpg,CAT
gs://ociautomltest-vcm/41485925.jpg,CAT
gs://ociautomltest-vcm/42066832.jpg,CAT
gs://ociautomltest-vcm/42066828.jpg,CAT
gs://ociautomltest-vcm/42066827.jpg,CAT
gs://ociautomltest-vcm/42066826.jpg,CAT
gs://ociautomltest-vcm/42066824.jpg,CAT
gs://ociautomltest-vcm/42066822.jpg,CAT
gs://ociautomltest-vcm/42066819.jpg,CAT
gs://ociautomltest-vcm/41125534.jpg,CAT
gs://ociautomltest-vcm/40907604.jpg,CAT
gs://ociautomltest-vcm/39914411.jpg,CAT
gs://ociautomltest-vcm/39914134.jpg,CAT
gs://ociautomltest-vcm/39008951.jpg,CAT
gs://ociautomltest-vcm/42075068.jpg,CAT
gs://ociautomltest-vcm/41943312.jpg,CAT
gs://ociautomltest-vcm/41943314.jpg,CAT
gs://ociautomltest-vcm/41867678.jpg,CAT
gs://ociautomltest-vcm/41867672.jpg,CAT
gs://ociautomltest-vcm/41699769.jpg,CAT
gs://ociautomltest-vcm/41391202.jpg,CAT
gs://ociautomltest-vcm/40555699.jpg,CAT
gs://ociautomltest-vcm/39702118.jpg,CAT
gs://ociautomltest-vcm/38514529.jpg,CAT
gs://ociautomltest-vcm/38304457.jpg,CAT
gs://ociautomltest-vcm/38304437.jpg,CAT
gs://ociautomltest-vcm/38304445.jpg,CAT
gs://ociautomltest-vcm/38304446.jpg,CAT
gs://ociautomltest-vcm/38097443.jpg,CAT
gs://ociautomltest-vcm/35636020.jpg,CAT
gs://ociautomltest-vcm/34734073.jpg,CAT
gs://ociautomltest-vcm/34734068.jpg,CAT
gs://ociautomltest-vcm/42086634.jpg,CAT
gs://ociautomltest-vcm/42068193.jpg,CAT
gs://ociautomltest-vcm/42062017.jpg,CAT
gs://ociautomltest-vcm/42062019.jpg,CAT
gs://ociautomltest-vcm/42062016.jpg,CAT
gs://ociautomltest-vcm/42035439.jpg,CAT
gs://ociautomltest-vcm/42035440.jpg,CAT
gs://ociautomltest-vcm/42012411.jpg,CAT
gs://ociautomltest-vcm/42002049.jpg,CAT
gs://ociautomltest-vcm/41996346.jpg,CAT
gs://ociautomltest-vcm/41996347.jpg,CAT
gs://ociautomltest-vcm/41965763.jpg,CAT
gs://ociautomltest-vcm/41929727.jpg,CAT
gs://ociautomltest-vcm/41797374.jpg,CAT
gs://ociautomltest-vcm/41358904.jpg,CAT
gs://ociautomltest-vcm/40860482.jpg,CAT
gs://ociautomltest-vcm/38844935.jpg,CAT
gs://ociautomltest-vcm/42092710.jpg,CAT
gs://ociautomltest-vcm/42092711.jpg,CAT
gs://ociautomltest-vcm/42086253.jpg,CAT
gs://ociautomltest-vcm/42086254.jpg,CAT
gs://ociautomltest-vcm/42081429.jpg,CAT
gs://ociautomltest-vcm/42081430.jpg,CAT
gs://ociautomltest-vcm/42081431.jpg,CAT
gs://ociautomltest-vcm/42081432.jpg,CAT
gs://ociautomltest-vcm/42024592.jpg,CAT
gs://ociautomltest-vcm/42024593.jpg,CAT
gs://ociautomltest-vcm/42024594.jpg,CAT
gs://ociautomltest-vcm/42024595.jpg,CAT
gs://ociautomltest-vcm/42007668.jpg,CAT
gs://ociautomltest-vcm/42001795.jpg,CAT
gs://ociautomltest-vcm/42001796.jpg,CAT
gs://ociautomltest-vcm/41989493.jpg,CAT
gs://ociautomltest-vcm/41974099.jpg,CAT
gs://ociautomltest-vcm/41969783.jpg,CAT
gs://ociautomltest-vcm/41969784.jpg,CAT
gs://ociautomltest-vcm/41951792.jpg,CAT
gs://ociautomltest-vcm/41951794.jpg,CAT
gs://ociautomltest-vcm/41951795.jpg,CAT
gs://ociautomltest-vcm/41951796.jpg,CAT
gs://ociautomltest-vcm/41951797.jpg,CAT
gs://ociautomltest-vcm/41951798.jpg,CAT
gs://ociautomltest-vcm/41951799.jpg,CAT
gs://ociautomltest-vcm/41951801.jpg,CAT
gs://ociautomltest-vcm/41951802.jpg,CAT
gs://ociautomltest-vcm/41942872.jpg,CAT
gs://ociautomltest-vcm/41942873.jpg,CAT
gs://ociautomltest-vcm/41942874.jpg,CAT
gs://ociautomltest-vcm/41919623.jpg,CAT
gs://ociautomltest-vcm/41919624.jpg,CAT
gs://ociautomltest-vcm/41919625.jpg,CAT
gs://ociautomltest-vcm/41905975.jpg,CAT
gs://ociautomltest-vcm/41890585.jpg,CAT
gs://ociautomltest-vcm/41814300.jpg,CAT
gs://ociautomltest-vcm/41814301.jpg,CAT
gs://ociautomltest-vcm/41814298.jpg,CAT
gs://ociautomltest-vcm/41814297.jpg,CAT
gs://ociautomltest-vcm/41814295.jpg,CAT
gs://ociautomltest-vcm/41814296.jpg,CAT
gs://ociautomltest-vcm/41814294.jpg,CAT
gs://ociautomltest-vcm/41814292.jpg,CAT
gs://ociautomltest-vcm/41802179.jpg,CAT
gs://ociautomltest-vcm/41802177.jpg,CAT
gs://ociautomltest-vcm/41802176.jpg,CAT
gs://ociautomltest-vcm/41776296.jpg,CAT
gs://ociautomltest-vcm/41776297.jpg,CAT
gs://ociautomltest-vcm/41776295.jpg,CAT
gs://ociautomltest-vcm/41776290.jpg,CAT
gs://ociautomltest-vcm/41763434.jpg,CAT
gs://ociautomltest-vcm/41734641.jpg,CAT
gs://ociautomltest-vcm/41699314.jpg,CAT
gs://ociautomltest-vcm/41699315.jpg,CAT
gs://ociautomltest-vcm/41699317.jpg,CAT
gs://ociautomltest-vcm/41699318.jpg,CAT
gs://ociautomltest-vcm/41699310.jpg,CAT
gs://ociautomltest-vcm/41690456.jpg,CAT
gs://ociautomltest-vcm/41690455.jpg,CAT
gs://ociautomltest-vcm/41690454.jpg,CAT
gs://ociautomltest-vcm/41661037.jpg,CAT
gs://ociautomltest-vcm/41657315.jpg,CAT
gs://ociautomltest-vcm/41638633.jpg,CAT
gs://ociautomltest-vcm/41627190.jpg,CAT
gs://ociautomltest-vcm/41595408.jpg,CAT
gs://ociautomltest-vcm/41586829.jpg,CAT
gs://ociautomltest-vcm/41586827.jpg,CAT
gs://ociautomltest-vcm/41543810.jpg,CAT
gs://ociautomltest-vcm/41543809.jpg,CAT
gs://ociautomltest-vcm/41520791.jpg,CAT
gs://ociautomltest-vcm/41495166.jpg,CAT
gs://ociautomltest-vcm/41493276.jpg,CAT
gs://ociautomltest-vcm/41479828.jpg,CAT
gs://ociautomltest-vcm/41419554.jpg,CAT
gs://ociautomltest-vcm/41408186.jpg,CAT
gs://ociautomltest-vcm/41408184.jpg,CAT
gs://ociautomltest-vcm/41408183.jpg,CAT
gs://ociautomltest-vcm/41374729.jpg,CAT
gs://ociautomltest-vcm/41345886.jpg,CAT
gs://ociautomltest-vcm/41345885.jpg,CAT
gs://ociautomltest-vcm/41321171.jpg,CAT
gs://ociautomltest-vcm/41321172.jpg,CAT
gs://ociautomltest-vcm/41321169.jpg,CAT
gs://ociautomltest-vcm/41270772.jpg,CAT
gs://ociautomltest-vcm/41238276.jpg,CAT
gs://ociautomltest-vcm/41189597.jpg,CAT
gs://ociautomltest-vcm/41189590.jpg,CAT
gs://ociautomltest-vcm/41189591.jpg,CAT
gs://ociautomltest-vcm/41176778.jpg,CAT
gs://ociautomltest-vcm/41176773.jpg,CAT
gs://ociautomltest-vcm/41168886.jpg,CAT
gs://ociautomltest-vcm/41168883.jpg,CAT
gs://ociautomltest-vcm/41062293.jpg,CAT
gs://ociautomltest-vcm/41018373.jpg,CAT
gs://ociautomltest-vcm/40998840.jpg,CAT
gs://ociautomltest-vcm/40998841.jpg,CAT
gs://ociautomltest-vcm/40998842.jpg,CAT
gs://ociautomltest-vcm/40998852.jpg,CAT
gs://ociautomltest-vcm/40998873.jpg,CAT
gs://ociautomltest-vcm/41500599.jpg,DOG
gs://ociautomltest-vcm/41686297.jpg,DOG
gs://ociautomltest-vcm/41629091.jpg,DOG
gs://ociautomltest-vcm/41629054.jpg,DOG
gs://ociautomltest-vcm/41585285.jpg,DOG
gs://ociautomltest-vcm/41585277.jpg,DOG
gs://ociautomltest-vcm/41585261.jpg,DOG
gs://ociautomltest-vcm/41585224.jpg,DOG
gs://ociautomltest-vcm/41584873.jpg,DOG
gs://ociautomltest-vcm/41584861.jpg,DOG
gs://ociautomltest-vcm/41584846.jpg,DOG
gs://ociautomltest-vcm/41584832.jpg,DOG
gs://ociautomltest-vcm/41584813.jpg,DOG
gs://ociautomltest-vcm/41584804.jpg,DOG
gs://ociautomltest-vcm/41584770.jpg,DOG
gs://ociautomltest-vcm/41584733.jpg,DOG
gs://ociautomltest-vcm/41584685.jpg,DOG
gs://ociautomltest-vcm/41584507.jpg,DOG
gs://ociautomltest-vcm/41584293.jpg,DOG
gs://ociautomltest-vcm/41584173.jpg,DOG
gs://ociautomltest-vcm/41131010.jpg,DOG
gs://ociautomltest-vcm/41130885.jpg,DOG
gs://ociautomltest-vcm/41051280.jpg,DOG
gs://ociautomltest-vcm/41051216.jpg,DOG
gs://ociautomltest-vcm/41051162.jpg,DOG
gs://ociautomltest-vcm/40843154.jpg,DOG
gs://ociautomltest-vcm/40813067.jpg,DOG
gs://ociautomltest-vcm/40813055.jpg,DOG
gs://ociautomltest-vcm/40592959.jpg,DOG
gs://ociautomltest-vcm/39841723.jpg,DOG
gs://ociautomltest-vcm/39841580.jpg,DOG
gs://ociautomltest-vcm/39841557.jpg,DOG
gs://ociautomltest-vcm/39545120.jpg,DOG
gs://ociautomltest-vcm/39541791.jpg,DOG
gs://ociautomltest-vcm/39520347.jpg,DOG
gs://ociautomltest-vcm/42095186.jpg,DOG
gs://ociautomltest-vcm/42095187.jpg,DOG
gs://ociautomltest-vcm/42095184.jpg,DOG
gs://ociautomltest-vcm/42095185.jpg,DOG
gs://ociautomltest-vcm/42083753.jpg,DOG
gs://ociautomltest-vcm/42071075.jpg,DOG
gs://ociautomltest-vcm/42071076.jpg,DOG
gs://ociautomltest-vcm/42071074.jpg,DOG
gs://ociautomltest-vcm/42071073.jpg,DOG
gs://ociautomltest-vcm/42019765.jpg,DOG
gs://ociautomltest-vcm/41993332.jpg,DOG
gs://ociautomltest-vcm/41993335.jpg,DOG
gs://ociautomltest-vcm/41993331.jpg,DOG
gs://ociautomltest-vcm/41963804.jpg,DOG
gs://ociautomltest-vcm/41908962.jpg,DOG
gs://ociautomltest-vcm/41908963.jpg,DOG
gs://ociautomltest-vcm/41908964.jpg,DOG
gs://ociautomltest-vcm/41887317.jpg,DOG
gs://ociautomltest-vcm/41785882.jpg,DOG
gs://ociautomltest-vcm/41762205.jpg,DOG
gs://ociautomltest-vcm/41748635.jpg,DOG
gs://ociautomltest-vcm/41748636.jpg,DOG
gs://ociautomltest-vcm/41711223.jpg,DOG
gs://ociautomltest-vcm/41672496.jpg,DOG
gs://ociautomltest-vcm/41672497.jpg,DOG
gs://ociautomltest-vcm/41642217.jpg,DOG
gs://ociautomltest-vcm/41615336.jpg,DOG
gs://ociautomltest-vcm/41565027.jpg,DOG
gs://ociautomltest-vcm/41481605.jpg,DOG
gs://ociautomltest-vcm/41472473.jpg,DOG
gs://ociautomltest-vcm/41385736.jpg,DOG
gs://ociautomltest-vcm/41318959.jpg,DOG
gs://ociautomltest-vcm/41313336.jpg,DOG
gs://ociautomltest-vcm/41286403.jpg,DOG
gs://ociautomltest-vcm/41259473.jpg,DOG
gs://ociautomltest-vcm/41207926.jpg,DOG
gs://ociautomltest-vcm/41207925.jpg,DOG
gs://ociautomltest-vcm/41207923.jpg,DOG
gs://ociautomltest-vcm/41207921.jpg,DOG
gs://ociautomltest-vcm/41103851.jpg,DOG
gs://ociautomltest-vcm/41069774.jpg,DOG
gs://ociautomltest-vcm/40994341.jpg,DOG
gs://ociautomltest-vcm/40990533.jpg,DOG
gs://ociautomltest-vcm/40922035.jpg,DOG
gs://ociautomltest-vcm/40922038.jpg,DOG
gs://ociautomltest-vcm/40922034.jpg,DOG
gs://ociautomltest-vcm/40922039.jpg,DOG
gs://ociautomltest-vcm/40848174.jpg,DOG
gs://ociautomltest-vcm/40816473.jpg,DOG
gs://ociautomltest-vcm/40622903.jpg,DOG
gs://ociautomltest-vcm/40610276.jpg,DOG
gs://ociautomltest-vcm/40610274.jpg,DOG
gs://ociautomltest-vcm/40521848.jpg,DOG
gs://ociautomltest-vcm/40521853.jpg,DOG
gs://ociautomltest-vcm/40498182.jpg,DOG
gs://ociautomltest-vcm/40496004.jpg,DOG
gs://ociautomltest-vcm/40105069.jpg,DOG
gs://ociautomltest-vcm/39973995.jpg,DOG
gs://ociautomltest-vcm/39835052.jpg,DOG
gs://ociautomltest-vcm/39784377.jpg,DOG
gs://ociautomltest-vcm/39763633.jpg,DOG
gs://ociautomltest-vcm/39075312.jpg,DOG
gs://ociautomltest-vcm/39010422.jpg,DOG
gs://ociautomltest-vcm/38424586.jpg,DOG
gs://ociautomltest-vcm/38030384.jpg,DOG
gs://ociautomltest-vcm/37725064.jpg,DOG
gs://ociautomltest-vcm/34906918.jpg,DOG
gs://ociautomltest-vcm/34856832.jpg,DOG
gs://ociautomltest-vcm/34676142.jpg,DOG
gs://ociautomltest-vcm/34600840.jpg,DOG
gs://ociautomltest-vcm/34414367.jpg,DOG
gs://ociautomltest-vcm/34273646.jpg,DOG
gs://ociautomltest-vcm/33066898.jpg,DOG
gs://ociautomltest-vcm/33066903.jpg,DOG
gs://ociautomltest-vcm/42093889.jpg,DOG
gs://ociautomltest-vcm/42093888.jpg,DOG
gs://ociautomltest-vcm/42093887.jpg,DOG
gs://ociautomltest-vcm/42087879.jpg,DOG
gs://ociautomltest-vcm/42087874.jpg,DOG
gs://ociautomltest-vcm/42087878.jpg,DOG
gs://ociautomltest-vcm/42087875.jpg,DOG
gs://ociautomltest-vcm/42087873.jpg,DOG
gs://ociautomltest-vcm/42082599.jpg,DOG
gs://ociautomltest-vcm/42076388.jpg,DOG
gs://ociautomltest-vcm/42076382.jpg,DOG
gs://ociautomltest-vcm/42076378.jpg,DOG
gs://ociautomltest-vcm/42076384.jpg,DOG
gs://ociautomltest-vcm/42076389.jpg,DOG
gs://ociautomltest-vcm/42076387.jpg,DOG
gs://ociautomltest-vcm/42063125.jpg,DOG
gs://ociautomltest-vcm/42063122.jpg,DOG
gs://ociautomltest-vcm/42063126.jpg,DOG
gs://ociautomltest-vcm/42063121.jpg,DOG
gs://ociautomltest-vcm/42055986.jpg,DOG
gs://ociautomltest-vcm/42055983.jpg,DOG
gs://ociautomltest-vcm/42055991.jpg,DOG
gs://ociautomltest-vcm/42026888.jpg,DOG
gs://ociautomltest-vcm/42026900.jpg,DOG
gs://ociautomltest-vcm/42017791.jpg,DOG
gs://ociautomltest-vcm/42017788.jpg,DOG
gs://ociautomltest-vcm/42017785.jpg,DOG
gs://ociautomltest-vcm/41991306.jpg,DOG
gs://ociautomltest-vcm/41975786.jpg,DOG
gs://ociautomltest-vcm/41938852.jpg,DOG
gs://ociautomltest-vcm/41929578.jpg,DOG
gs://ociautomltest-vcm/41915793.jpg,DOG
gs://ociautomltest-vcm/41853322.jpg,DOG
gs://ociautomltest-vcm/41607718.jpg,DOG
gs://ociautomltest-vcm/41591142.jpg,DOG
gs://ociautomltest-vcm/42092134.jpg,DOG
gs://ociautomltest-vcm/42092110.jpg,DOG
gs://ociautomltest-vcm/42084658.jpg,DOG
gs://ociautomltest-vcm/42084642.jpg,DOG
gs://ociautomltest-vcm/42081697.jpg,DOG
gs://ociautomltest-vcm/42072713.jpg,DOG
gs://ociautomltest-vcm/42072689.jpg,DOG
gs://ociautomltest-vcm/42072663.jpg,DOG
gs://ociautomltest-vcm/42072612.jpg,DOG
gs://ociautomltest-vcm/42052343.jpg,DOG
gs://ociautomltest-vcm/42052103.jpg,DOG
gs://ociautomltest-vcm/41951095.jpg,DOG
gs://ociautomltest-vcm/41932330.jpg,DOG
gs://ociautomltest-vcm/41913759.jpg,DOG
gs://ociautomltest-vcm/41861938.jpg,DOG
gs://ociautomltest-vcm/41856886.jpg,DOG
gs://ociautomltest-vcm/41856880.jpg,DOG
gs://ociautomltest-vcm/41856872.jpg,DOG
gs://ociautomltest-vcm/41856868.jpg,DOG
gs://ociautomltest-vcm/41800956.jpg,DOG
gs://ociautomltest-vcm/41800918.jpg,DOG
gs://ociautomltest-vcm/41774574.jpg,DOG
gs://ociautomltest-vcm/41751121.jpg,DOG
gs://ociautomltest-vcm/41751078.jpg,DOG
gs://ociautomltest-vcm/41698375.jpg,DOG
gs://ociautomltest-vcm/41682102.jpg,DOG
gs://ociautomltest-vcm/41650599.jpg,DOG
gs://ociautomltest-vcm/41573191.jpg,DOG
gs://ociautomltest-vcm/41568354.jpg,DOG
gs://ociautomltest-vcm/41399786.jpg,DOG
gs://ociautomltest-vcm/41379531.jpg,DOG
gs://ociautomltest-vcm/41357140.jpg,DOG
gs://ociautomltest-vcm/41357047.jpg,DOG
gs://ociautomltest-vcm/41344892.jpg,DOG
gs://ociautomltest-vcm/41293714.jpg,DOG
gs://ociautomltest-vcm/41164265.jpg,DOG
gs://ociautomltest-vcm/41142356.jpg,DOG
gs://ociautomltest-vcm/40627057.jpg,DOG
gs://ociautomltest-vcm/39675651.jpg,DOG
gs://ociautomltest-vcm/37863649.jpg,DOG
gs://ociautomltest-vcm/37845949.jpg,DOG
gs://ociautomltest-vcm/37462443.jpg,DOG
gs://ociautomltest-vcm/42072382.jpg,DOG
gs://ociautomltest-vcm/42031917.jpg,DOG
gs://ociautomltest-vcm/41913278.jpg,DOG
gs://ociautomltest-vcm/41805963.jpg,DOG
gs://ociautomltest-vcm/41805598.jpg,DOG
gs://ociautomltest-vcm/41805564.jpg,DOG
gs://ociautomltest-vcm/41741095.jpg,DOG
gs://ociautomltest-vcm/41609623.jpg,DOG
gs://ociautomltest-vcm/41565693.jpg,DOG
gs://ociautomltest-vcm/41370786.jpg,DOG
gs://ociautomltest-vcm/41311835.jpg,DOG
gs://ociautomltest-vcm/38520574.jpg,DOG
gs://ociautomltest-vcm/35463232.jpg,DOG
gs://ociautomltest-vcm/41893609.jpg,DOG
gs://ociautomltest-vcm/41777612.jpg,DOG
gs://ociautomltest-vcm/41777616.jpg,DOG
gs://ociautomltest-vcm/41777617.jpg,DOG
gs://ociautomltest-vcm/41777618.jpg,DOG
gs://ociautomltest-vcm/41777621.jpg,DOG
gs://ociautomltest-vcm/41158567.jpg,DOG
gs://ociautomltest-vcm/41158571.jpg,DOG
gs://ociautomltest-vcm/41158576.jpg,DOG
gs://ociautomltest-vcm/39839331.jpg,DOG
gs://ociautomltest-vcm/39836725.jpg,DOG
gs://ociautomltest-vcm/39417254.jpg,DOG
gs://ociautomltest-vcm/38600681.jpg,DOG
gs://ociautomltest-vcm/38434121.jpg,DOG
gs://ociautomltest-vcm/38434123.jpg,DOG
gs://ociautomltest-vcm/38434125.jpg,DOG
gs://ociautomltest-vcm/38434129.jpg,DOG
gs://ociautomltest-vcm/42081102.jpg,DOG
gs://ociautomltest-vcm/42089726.jpg,DOG
gs://ociautomltest-vcm/42078736.jpg,DOG
gs://ociautomltest-vcm/42078737.jpg,DOG
gs://ociautomltest-vcm/42078734.jpg,DOG
gs://ociautomltest-vcm/42078733.jpg,DOG
gs://ociautomltest-vcm/42078735.jpg,DOG
gs://ociautomltest-vcm/42078732.jpg,DOG
gs://ociautomltest-vcm/42078741.jpg,DOG
gs://ociautomltest-vcm/42078742.jpg,DOG
gs://ociautomltest-vcm/42078740.jpg,DOG
gs://ociautomltest-vcm/42064743.jpg,DOG
gs://ociautomltest-vcm/42064740.jpg,DOG
gs://ociautomltest-vcm/42058234.jpg,DOG
gs://ociautomltest-vcm/42058221.jpg,DOG
gs://ociautomltest-vcm/42058222.jpg,DOG
gs://ociautomltest-vcm/42058220.jpg,DOG
gs://ociautomltest-vcm/42040199.jpg,DOG
gs://ociautomltest-vcm/42040194.jpg,DOG
gs://ociautomltest-vcm/42040190.jpg,DOG
gs://ociautomltest-vcm/42029781.jpg,DOG
gs://ociautomltest-vcm/42029780.jpg,DOG
gs://ociautomltest-vcm/42029779.jpg,DOG
gs://ociautomltest-vcm/42029768.jpg,DOG
gs://ociautomltest-vcm/42029773.jpg,DOG
gs://ociautomltest-vcm/42029777.jpg,DOG
gs://ociautomltest-vcm/42029770.jpg,DOG
gs://ociautomltest-vcm/42029776.jpg,DOG
gs://ociautomltest-vcm/42010652.jpg,DOG
gs://ociautomltest-vcm/42004277.jpg,DOG
gs://ociautomltest-vcm/41999073.jpg,DOG
gs://ociautomltest-vcm/41999074.jpg,DOG
gs://ociautomltest-vcm/41993418.jpg,DOG
gs://ociautomltest-vcm/41993421.jpg,DOG
gs://ociautomltest-vcm/41993420.jpg,DOG
gs://ociautomltest-vcm/41948134.jpg,DOG
gs://ociautomltest-vcm/41922206.jpg,DOG
gs://ociautomltest-vcm/41902542.jpg,DOG
gs://ociautomltest-vcm/41881287.jpg,DOG
gs://ociautomltest-vcm/41865199.jpg,DOG
gs://ociautomltest-vcm/41860276.jpg,DOG
gs://ociautomltest-vcm/41833553.jpg,DOG
gs://ociautomltest-vcm/41811006.jpg,DOG
gs://ociautomltest-vcm/41642310.jpg,DOG
gs://ociautomltest-vcm/42034503.jpg,DOG
gs://ociautomltest-vcm/42066689.jpg,DOG
gs://ociautomltest-vcm/42066682.jpg,DOG
gs://ociautomltest-vcm/42066674.jpg,DOG
gs://ociautomltest-vcm/42066668.jpg,DOG
gs://ociautomltest-vcm/41801841.jpg,DOG
gs://ociautomltest-vcm/41584874.jpg,DOG
gs://ociautomltest-vcm/42093914.jpg,DOG
gs://ociautomltest-vcm/42093913.jpg,DOG
gs://ociautomltest-vcm/42082612.jpg,DOG
gs://ociautomltest-vcm/42082613.jpg,DOG
gs://ociautomltest-vcm/42069476.jpg,DOG
gs://ociautomltest-vcm/42069477.jpg,DOG
gs://ociautomltest-vcm/42069478.jpg,DOG
gs://ociautomltest-vcm/42047481.jpg,DOG
gs://ociautomltest-vcm/42047482.jpg,DOG
gs://ociautomltest-vcm/42047483.jpg,DOG
gs://ociautomltest-vcm/42047484.jpg,DOG
gs://ociautomltest-vcm/42026985.jpg,DOG
gs://ociautomltest-vcm/42026982.jpg,DOG
gs://ociautomltest-vcm/42026983.jpg,DOG
gs://ociautomltest-vcm/42026984.jpg,DOG
gs://ociautomltest-vcm/42003047.jpg,DOG
gs://ociautomltest-vcm/42003048.jpg,DOG
gs://ociautomltest-vcm/42003049.jpg,DOG
gs://ociautomltest-vcm/42003050.jpg,DOG
gs://ociautomltest-vcm/42003051.jpg,DOG
gs://ociautomltest-vcm/41983246.jpg,DOG
gs://ociautomltest-vcm/41953001.jpg,DOG
gs://ociautomltest-vcm/41935819.jpg,DOG
gs://ociautomltest-vcm/41900521.jpg,DOG
gs://ociautomltest-vcm/41893457.jpg,DOG
gs://ociautomltest-vcm/41893458.jpg,DOG
gs://ociautomltest-vcm/41893460.jpg,DOG
gs://ociautomltest-vcm/41839163.jpg,DOG
gs://ociautomltest-vcm/41815700.jpg,DOG
gs://ociautomltest-vcm/41798983.jpg,DOG
gs://ociautomltest-vcm/41691521.jpg,DOG
gs://ociautomltest-vcm/41683169.jpg,DOG
gs://ociautomltest-vcm/41658275.jpg,DOG
gs://ociautomltest-vcm/41500218.jpg,DOG
gs://ociautomltest-vcm/41464569.jpg,DOG
gs://ociautomltest-vcm/41449605.jpg,DOG
gs://ociautomltest-vcm/41428090.jpg,DOG
gs://ociautomltest-vcm/41337713.jpg,DOG
gs://ociautomltest-vcm/41331557.jpg,DOG
gs://ociautomltest-vcm/41303318.jpg,DOG
gs://ociautomltest-vcm/41292100.jpg,DOG
gs://ociautomltest-vcm/41280343.jpg,DOG
gs://ociautomltest-vcm/41248390.jpg,DOG
gs://ociautomltest-vcm/41018946.jpg,DOG
gs://ociautomltest-vcm/40933388.jpg,DOG
gs://ociautomltest-vcm/40613360.jpg,DOG
gs://ociautomltest-vcm/40124642.jpg,DOG
gs://ociautomltest-vcm/39951416.jpg,DOG
gs://ociautomltest-vcm/39785637.jpg,DOG
gs://ociautomltest-vcm/38483472.jpg,DOG
gs://ociautomltest-vcm/42092984.jpg,DOG
gs://ociautomltest-vcm/42092982.jpg,DOG
gs://ociautomltest-vcm/42092983.jpg,DOG
gs://ociautomltest-vcm/42089765.jpg,DOG
gs://ociautomltest-vcm/42089559.jpg,DOG
gs://ociautomltest-vcm/42086630.jpg,DOG
gs://ociautomltest-vcm/42074510.jpg,DOG
gs://ociautomltest-vcm/42068176.jpg,DOG
gs://ociautomltest-vcm/42068178.jpg,DOG
gs://ociautomltest-vcm/42068183.jpg,DOG
gs://ociautomltest-vcm/42068184.jpg,DOG
gs://ociautomltest-vcm/42062010.jpg,DOG
gs://ociautomltest-vcm/42054205.jpg,DOG
gs://ociautomltest-vcm/42035430.jpg,DOG
gs://ociautomltest-vcm/42035432.jpg,DOG
gs://ociautomltest-vcm/42035434.jpg,DOG
gs://ociautomltest-vcm/42035436.jpg,DOG
gs://ociautomltest-vcm/42035431.jpg,DOG
gs://ociautomltest-vcm/42025056.jpg,DOG
gs://ociautomltest-vcm/42025052.jpg,DOG
gs://ociautomltest-vcm/42025053.jpg,DOG
gs://ociautomltest-vcm/42002047.jpg,DOG
gs://ociautomltest-vcm/42002046.jpg,DOG
gs://ociautomltest-vcm/41989853.jpg,DOG
gs://ociautomltest-vcm/41974389.jpg,DOG
gs://ociautomltest-vcm/41956368.jpg,DOG
gs://ociautomltest-vcm/41938196.jpg,DOG
gs://ociautomltest-vcm/41919877.jpg,DOG
gs://ociautomltest-vcm/41919875.jpg,DOG
gs://ociautomltest-vcm/41919874.jpg,DOG
gs://ociautomltest-vcm/41898621.jpg,DOG
gs://ociautomltest-vcm/41898628.jpg,DOG
gs://ociautomltest-vcm/41898629.jpg,DOG
gs://ociautomltest-vcm/41898625.jpg,DOG
gs://ociautomltest-vcm/41898627.jpg,DOG
gs://ociautomltest-vcm/41884527.jpg,DOG
gs://ociautomltest-vcm/41884530.jpg,DOG
gs://ociautomltest-vcm/41884529.jpg,DOG
gs://ociautomltest-vcm/41878483.jpg,DOG
gs://ociautomltest-vcm/41867472.jpg,DOG
gs://ociautomltest-vcm/41814599.jpg,DOG
gs://ociautomltest-vcm/41799056.jpg,DOG
gs://ociautomltest-vcm/41776551.jpg,DOG
gs://ociautomltest-vcm/41734832.jpg,DOG
gs://ociautomltest-vcm/41724697.jpg,DOG
gs://ociautomltest-vcm/41713530.jpg,DOG
gs://ociautomltest-vcm/41713531.jpg,DOG
gs://ociautomltest-vcm/41670194.jpg,DOG
gs://ociautomltest-vcm/41670189.jpg,DOG
gs://ociautomltest-vcm/41670187.jpg,DOG
gs://ociautomltest-vcm/41661203.jpg,DOG
gs://ociautomltest-vcm/41607169.jpg,DOG
gs://ociautomltest-vcm/41573668.jpg,DOG
gs://ociautomltest-vcm/41547997.jpg,DOG
gs://ociautomltest-vcm/41485206.jpg,DOG
gs://ociautomltest-vcm/41482610.jpg,DOG
gs://ociautomltest-vcm/41482605.jpg,DOG
gs://ociautomltest-vcm/41479992.jpg,DOG
gs://ociautomltest-vcm/41458991.jpg,DOG
gs://ociautomltest-vcm/41446355.jpg,DOG
gs://ociautomltest-vcm/41435766.jpg,DOG
gs://ociautomltest-vcm/41153170.jpg,DOG
gs://ociautomltest-vcm/41149237.jpg,DOG
gs://ociautomltest-vcm/41004294.jpg,DOG
gs://ociautomltest-vcm/41830734.jpg,DOG
gs://ociautomltest-vcm/41830327.jpg,DOG
gs://ociautomltest-vcm/42026851.jpg,DOG
gs://ociautomltest-vcm/41232413.jpg,DOG
gs://ociautomltest-vcm/41989379.jpg,DOG
gs://ociautomltest-vcm/41837093.jpg,DOG
gs://ociautomltest-vcm/41764436.jpg,DOG
gs://ociautomltest-vcm/41359195.jpg,DOG
gs://ociautomltest-vcm/41359106.jpg,DOG
gs://ociautomltest-vcm/41258172.jpg,DOG
gs://ociautomltest-vcm/39339043.jpg,DOG
gs://ociautomltest-vcm/39339031.jpg,DOG
gs://ociautomltest-vcm/38628413.jpg,DOG
gs://ociautomltest-vcm/37434514.jpg,DOG
gs://ociautomltest-vcm/37434507.jpg,DOG
gs://ociautomltest-vcm/42000574.jpg,DOG
gs://ociautomltest-vcm/41999816.jpg,DOG
gs://ociautomltest-vcm/41425797.jpg,DOG
gs://ociautomltest-vcm/41973296.jpg,DOG
gs://ociautomltest-vcm/41973128.jpg,DOG
gs://ociautomltest-vcm/41973112.jpg,DOG
gs://ociautomltest-vcm/41813783.jpg,DOG
gs://ociautomltest-vcm/41813706.jpg,DOG
gs://ociautomltest-vcm/41804906.jpg,DOG
gs://ociautomltest-vcm/41800792.jpg,DOG
gs://ociautomltest-vcm/41511527.jpg,DOG
gs://ociautomltest-vcm/41469654.jpg,DOG
gs://ociautomltest-vcm/41329445.jpg,DOG
gs://ociautomltest-vcm/41257524.jpg,DOG
gs://ociautomltest-vcm/41244359.jpg,DOG
gs://ociautomltest-vcm/41133090.jpg,DOG
gs://ociautomltest-vcm/41051535.jpg,DOG
gs://ociautomltest-vcm/40936837.jpg,DOG
gs://ociautomltest-vcm/40933623.jpg,DOG
gs://ociautomltest-vcm/40853790.jpg,DOG
gs://ociautomltest-vcm/40853474.jpg,DOG
gs://ociautomltest-vcm/40827718.jpg,DOG
gs://ociautomltest-vcm/40750802.jpg,DOG
gs://ociautomltest-vcm/40734123.jpg,DOG
gs://ociautomltest-vcm/40710029.jpg,DOG
gs://ociautomltest-vcm/39842916.jpg,DOG
gs://ociautomltest-vcm/38990672.jpg,DOG
gs://ociautomltest-vcm/38901966.jpg,DOG
gs://ociautomltest-vcm/38246151.jpg,DOG
gs://ociautomltest-vcm/38094395.jpg,DOG
gs://ociautomltest-vcm/35022957.jpg,DOG
gs://ociautomltest-vcm/42096873.jpg,DOG
gs://ociautomltest-vcm/42096799.jpg,DOG
gs://ociautomltest-vcm/42096685.jpg,DOG
gs://ociautomltest-vcm/42087568.jpg,DOG
gs://ociautomltest-vcm/42086747.jpg,DOG
gs://ociautomltest-vcm/42086620.jpg,DOG
gs://ociautomltest-vcm/42086281.jpg,DOG
gs://ociautomltest-vcm/42086014.jpg,DOG
gs://ociautomltest-vcm/42085748.jpg,DOG
gs://ociautomltest-vcm/41797494.jpg,DOG
gs://ociautomltest-vcm/41636593.jpg,DOG
gs://ociautomltest-vcm/41567804.jpg,DOG
gs://ociautomltest-vcm/41183869.jpg,DOG
gs://ociautomltest-vcm/41078212.jpg,DOG
gs://ociautomltest-vcm/41055238.jpg,DOG
gs://ociautomltest-vcm/40099506.jpg,DOG
gs://ociautomltest-vcm/42090074.jpg,DOG
gs://ociautomltest-vcm/42084023.jpg,DOG
gs://ociautomltest-vcm/42058726.jpg,DOG
gs://ociautomltest-vcm/42030204.jpg,DOG
gs://ociautomltest-vcm/41968572.jpg,DOG
gs://ociautomltest-vcm/41968571.jpg,DOG
gs://ociautomltest-vcm/41959135.jpg,DOG
gs://ociautomltest-vcm/41754098.jpg,DOG
gs://ociautomltest-vcm/41386479.jpg,DOG
gs://ociautomltest-vcm/13885283.jpg,DOG
gs://ociautomltest-vcm/42084719.jpg,DOG
gs://ociautomltest-vcm/42084693.jpg,DOG
gs://ociautomltest-vcm/42045037.jpg,DOG
gs://ociautomltest-vcm/41837060.jpg,DOG
gs://ociautomltest-vcm/41817403.jpg,DOG
gs://ociautomltest-vcm/41817316.jpg,DOG
gs://ociautomltest-vcm/41807856.jpg,DOG
gs://ociautomltest-vcm/41807721.jpg,DOG
gs://ociautomltest-vcm/41631592.jpg,DOG
gs://ociautomltest-vcm/41626821.jpg,DOG
gs://ociautomltest-vcm/41479024.jpg,DOG
gs://ociautomltest-vcm/41088393.jpg,DOG
gs://ociautomltest-vcm/40966255.jpg,DOG
gs://ociautomltest-vcm/40966248.jpg,DOG
gs://ociautomltest-vcm/40732209.jpg,DOG
gs://ociautomltest-vcm/39426237.jpg,DOG
gs://ociautomltest-vcm/38968375.jpg,DOG
gs://ociautomltest-vcm/41413724.jpg,DOG
gs://ociautomltest-vcm/39821104.jpg,DOG
gs://ociautomltest-vcm/39696150.jpg,DOG
gs://ociautomltest-vcm/42086898.jpg,DOG
gs://ociautomltest-vcm/42086899.jpg,DOG
gs://ociautomltest-vcm/42025518.jpg,DOG
gs://ociautomltest-vcm/42025519.jpg,DOG
gs://ociautomltest-vcm/42002328.jpg,DOG
gs://ociautomltest-vcm/42002329.jpg,DOG
gs://ociautomltest-vcm/41982285.jpg,DOG
gs://ociautomltest-vcm/41831004.jpg,DOG
gs://ociautomltest-vcm/41699768.jpg,DOG
gs://ociautomltest-vcm/41690873.jpg,DOG
gs://ociautomltest-vcm/41625877.jpg,DOG
gs://ociautomltest-vcm/41516113.jpg,DOG
gs://ociautomltest-vcm/41464267.jpg,DOG
gs://ociautomltest-vcm/41346242.jpg,DOG
gs://ociautomltest-vcm/41233047.jpg,DOG
gs://ociautomltest-vcm/41233048.jpg,DOG
gs://ociautomltest-vcm/41104503.jpg,DOG
gs://ociautomltest-vcm/41071662.jpg,DOG
gs://ociautomltest-vcm/40783994.jpg,DOG
gs://ociautomltest-vcm/42085038.jpg,DOG
gs://ociautomltest-vcm/42085011.jpg,DOG
gs://ociautomltest-vcm/42086635.jpg,DOG
gs://ociautomltest-vcm/42074515.jpg,DOG
gs://ociautomltest-vcm/42072852.jpg,DOG
gs://ociautomltest-vcm/42053377.jpg,DOG
gs://ociautomltest-vcm/42035443.jpg,DOG
gs://ociautomltest-vcm/42035447.jpg,DOG
gs://ociautomltest-vcm/42012783.jpg,DOG
gs://ociautomltest-vcm/41997567.jpg,DOG
gs://ociautomltest-vcm/41997494.jpg,DOG
gs://ociautomltest-vcm/41669443.jpg,DOG
gs://ociautomltest-vcm/41525275.jpg,DOG
gs://ociautomltest-vcm/41484893.jpg,DOG
gs://ociautomltest-vcm/41457151.jpg,DOG
gs://ociautomltest-vcm/41209499.jpg,DOG
gs://ociautomltest-vcm/41084783.jpg,DOG
gs://ociautomltest-vcm/40095531.jpg,DOG
gs://ociautomltest-vcm/40095505.jpg,DOG
gs://ociautomltest-vcm/39915963.jpg,DOG
gs://ociautomltest-vcm/41818199.jpg,DOG
gs://ociautomltest-vcm/41806975.jpg,DOG
gs://ociautomltest-vcm/41772087.jpg,DOG
gs://ociautomltest-vcm/41751617.jpg,DOG
gs://ociautomltest-vcm/41439293.jpg,DOG
gs://ociautomltest-vcm/41334143.jpg,DOG
gs://ociautomltest-vcm/40570619.jpg,DOG
gs://ociautomltest-vcm/39566759.jpg,DOG
gs://ociautomltest-vcm/39289026.jpg,DOG
gs://ociautomltest-vcm/38497298.jpg,DOG
gs://ociautomltest-vcm/38470616.jpg,DOG
gs://ociautomltest-vcm/37301960.jpg,DOG
gs://ociautomltest-vcm/16261994.jpg,DOG
gs://ociautomltest-vcm/41805268.jpg,DOG
gs://ociautomltest-vcm/41805149.jpg,DOG
gs://ociautomltest-vcm/41805099.jpg,DOG
gs://ociautomltest-vcm/41688317.jpg,DOG
gs://ociautomltest-vcm/41629648.jpg,DOG
gs://ociautomltest-vcm/41612728.jpg,DOG
gs://ociautomltest-vcm/41518848.jpg,DOG
gs://ociautomltest-vcm/41518484.jpg,DOG
gs://ociautomltest-vcm/41482970.jpg,DOG
gs://ociautomltest-vcm/41974793.jpg,DOG
gs://ociautomltest-vcm/41773942.jpg,DOG
gs://ociautomltest-vcm/41315422.jpg,DOG
gs://ociautomltest-vcm/41123832.jpg,DOG
gs://ociautomltest-vcm/41079890.jpg,DOG
gs://ociautomltest-vcm/40711482.jpg,DOG
gs://ociautomltest-vcm/40610072.jpg,DOG
gs://ociautomltest-vcm/41835542.jpg,DOG
gs://ociautomltest-vcm/41835481.jpg,DOG
gs://ociautomltest-vcm/41467784.jpg,DOG
gs://ociautomltest-vcm/41467741.jpg,DOG
gs://ociautomltest-vcm/41801584.jpg,DOG
gs://ociautomltest-vcm/41801549.jpg,DOG
gs://ociautomltest-vcm/41757191.jpg,DOG
gs://ociautomltest-vcm/41757189.jpg,DOG
gs://ociautomltest-vcm/41627730.jpg,DOG
gs://ociautomltest-vcm/41586288.jpg,DOG
gs://ociautomltest-vcm/41517441.jpg,DOG
gs://ociautomltest-vcm/41501664.jpg,DOG
gs://ociautomltest-vcm/41471966.jpg,DOG
gs://ociautomltest-vcm/41471967.jpg,DOG
gs://ociautomltest-vcm/41428603.jpg,DOG
gs://ociautomltest-vcm/41274889.jpg,DOG
gs://ociautomltest-vcm/41274891.jpg,DOG
gs://ociautomltest-vcm/41222762.jpg,DOG
gs://ociautomltest-vcm/41012179.jpg,DOG
gs://ociautomltest-vcm/40996551.jpg,DOG
gs://ociautomltest-vcm/40994055.jpg,DOG
gs://ociautomltest-vcm/40660893.jpg,DOG
gs://ociautomltest-vcm/40578469.jpg,DOG
gs://ociautomltest-vcm/40575835.jpg,DOG
gs://ociautomltest-vcm/40575836.jpg,DOG
gs://ociautomltest-vcm/40575842.jpg,DOG
gs://ociautomltest-vcm/40575843.jpg,DOG
gs://ociautomltest-vcm/40575845.jpg,DOG
gs://ociautomltest-vcm/40575846.jpg,DOG
gs://ociautomltest-vcm/40575847.jpg,DOG
gs://ociautomltest-vcm/39726359.jpg,DOG
gs://ociautomltest-vcm/38309677.jpg,DOG
gs://ociautomltest-vcm/38309678.jpg,DOG
gs://ociautomltest-vcm/38309679.jpg,DOG
gs://ociautomltest-vcm/38309680.jpg,DOG
gs://ociautomltest-vcm/38309682.jpg,DOG
gs://ociautomltest-vcm/38309691.jpg,DOG
gs://ociautomltest-vcm/38309696.jpg,DOG
gs://ociautomltest-vcm/37463168.jpg,DOG
gs://ociautomltest-vcm/36191251.jpg,DOG
gs://ociautomltest-vcm/35525608.jpg,DOG
gs://ociautomltest-vcm/35169233.jpg,DOG
gs://ociautomltest-vcm/32505113.jpg,DOG
gs://ociautomltest-vcm/31443812.jpg,DOG
gs://ociautomltest-vcm/24197217.jpg,DOG
gs://ociautomltest-vcm/42066672.jpg,DOG
gs://ociautomltest-vcm/42066654.jpg,DOG
gs://ociautomltest-vcm/41754868.jpg,DOG
gs://ociautomltest-vcm/41754828.jpg,DOG
gs://ociautomltest-vcm/41694928.jpg,DOG
gs://ociautomltest-vcm/41493336.jpg,DOG
gs://ociautomltest-vcm/41384260.jpg,DOG
gs://ociautomltest-vcm/41301360.jpg,DOG
gs://ociautomltest-vcm/41301332.jpg,DOG
gs://ociautomltest-vcm/41208953.jpg,DOG
gs://ociautomltest-vcm/40810214.jpg,DOG
gs://ociautomltest-vcm/40020125.jpg,DOG
gs://ociautomltest-vcm/37670919.jpg,DOG
gs://ociautomltest-vcm/35201368.jpg,DOG
gs://ociautomltest-vcm/29432031.jpg,DOG
gs://ociautomltest-vcm/24491733.jpg,DOG
gs://ociautomltest-vcm/42095276.jpg,DOG
gs://ociautomltest-vcm/42090440.jpg,DOG
gs://ociautomltest-vcm/42090441.jpg,DOG
gs://ociautomltest-vcm/42090442.jpg,DOG
gs://ociautomltest-vcm/42041949.jpg,DOG
gs://ociautomltest-vcm/42041954.jpg,DOG
gs://ociautomltest-vcm/41986928.jpg,DOG
gs://ociautomltest-vcm/41978797.jpg,DOG
gs://ociautomltest-vcm/41978802.jpg,DOG
gs://ociautomltest-vcm/41978803.jpg,DOG
gs://ociautomltest-vcm/41911639.jpg,DOG
gs://ociautomltest-vcm/41911637.jpg,DOG
gs://ociautomltest-vcm/41811719.jpg,DOG
gs://ociautomltest-vcm/41575623.jpg,DOG
gs://ociautomltest-vcm/41575547.jpg,DOG
gs://ociautomltest-vcm/41484147.jpg,DOG
gs://ociautomltest-vcm/41221405.jpg,DOG
gs://ociautomltest-vcm/41121944.jpg,DOG
gs://ociautomltest-vcm/41115336.jpg,DOG
gs://ociautomltest-vcm/41100218.jpg,DOG
gs://ociautomltest-vcm/40825313.jpg,DOG
gs://ociautomltest-vcm/39912747.jpg,DOG
gs://ociautomltest-vcm/39902737.jpg,DOG
gs://ociautomltest-vcm/39381335.jpg,DOG
gs://ociautomltest-vcm/38145799.jpg,DOG
gs://ociautomltest-vcm/36979072.jpg,DOG
gs://ociautomltest-vcm/29488817.jpg,DOG
gs://ociautomltest-vcm/42094564.jpg,DOG
gs://ociautomltest-vcm/42094182.jpg,DOG
gs://ociautomltest-vcm/42089646.jpg,DOG
gs://ociautomltest-vcm/42084744.jpg,DOG
gs://ociautomltest-vcm/42078644.jpg,DOG
gs://ociautomltest-vcm/42058093.jpg,DOG
gs://ociautomltest-vcm/42040095.jpg,DOG
gs://ociautomltest-vcm/42040093.jpg,DOG
gs://ociautomltest-vcm/41999019.jpg,DOG
gs://ociautomltest-vcm/41993281.jpg,DOG
gs://ociautomltest-vcm/41972827.jpg,DOG
gs://ociautomltest-vcm/41958796.jpg,DOG
gs://ociautomltest-vcm/41833439.jpg,DOG
gs://ociautomltest-vcm/41813812.jpg,DOG
gs://ociautomltest-vcm/41793488.jpg,DOG
gs://ociautomltest-vcm/28749155.jpg,DOG
gs://ociautomltest-vcm/42034636.jpg,DOG
gs://ociautomltest-vcm/42034619.jpg,DOG
gs://ociautomltest-vcm/42034556.jpg,DOG
gs://ociautomltest-vcm/42034541.jpg,DOG
gs://ociautomltest-vcm/42034525.jpg,DOG
gs://ociautomltest-vcm/42034506.jpg,DOG
gs://ociautomltest-vcm/42034478.jpg,DOG
gs://ociautomltest-vcm/42034457.jpg,DOG
gs://ociautomltest-vcm/41842852.jpg,DOG
gs://ociautomltest-vcm/41836630.jpg,DOG
gs://ociautomltest-vcm/41836590.jpg,DOG
gs://ociautomltest-vcm/41836580.jpg,DOG
gs://ociautomltest-vcm/41836409.jpg,DOG
gs://ociautomltest-vcm/41836393.jpg,DOG
gs://ociautomltest-vcm/41273177.jpg,DOG
gs://ociautomltest-vcm/41273142.jpg,DOG
gs://ociautomltest-vcm/41819266.jpg,DOG
gs://ociautomltest-vcm/41802343.jpg,DOG
gs://ociautomltest-vcm/41741579.jpg,DOG
gs://ociautomltest-vcm/41682939.jpg,DOG
gs://ociautomltest-vcm/41607279.jpg,DOG
gs://ociautomltest-vcm/41607280.jpg,DOG
gs://ociautomltest-vcm/41299684.jpg,DOG
gs://ociautomltest-vcm/41068528.jpg,DOG
gs://ociautomltest-vcm/40777917.jpg,DOG
gs://ociautomltest-vcm/40552013.jpg,DOG
gs://ociautomltest-vcm/40545450.jpg,DOG
gs://ociautomltest-vcm/40544989.jpg,DOG
gs://ociautomltest-vcm/39862384.jpg,DOG
gs://ociautomltest-vcm/38460733.jpg,DOG
gs://ociautomltest-vcm/38448027.jpg,DOG
gs://ociautomltest-vcm/38448038.jpg,DOG
gs://ociautomltest-vcm/38448043.jpg,DOG
gs://ociautomltest-vcm/38448044.jpg,DOG
gs://ociautomltest-vcm/38448049.jpg,DOG
gs://ociautomltest-vcm/38448023.jpg,DOG
gs://ociautomltest-vcm/36575900.jpg,DOG
gs://ociautomltest-vcm/35626089.jpg,DOG
gs://ociautomltest-vcm/35462023.jpg,DOG
gs://ociautomltest-vcm/34917564.jpg,DOG
gs://ociautomltest-vcm/32868901.jpg,DOG
gs://ociautomltest-vcm/42003217.jpg,DOG
gs://ociautomltest-vcm/42003134.jpg,DOG
gs://ociautomltest-vcm/42002836.jpg,DOG
gs://ociautomltest-vcm/41995745.jpg,DOG
gs://ociautomltest-vcm/41016366.jpg,DOG
gs://ociautomltest-vcm/34752632.jpg,DOG
gs://ociautomltest-vcm/34611068.jpg,DOG
gs://ociautomltest-vcm/33818536.jpg,DOG
gs://ociautomltest-vcm/31706474.jpg,DOG
gs://ociautomltest-vcm/31706335.jpg,DOG
gs://ociautomltest-vcm/25076650.jpg,DOG
gs://ociautomltest-vcm/23985701.jpg,DOG
gs://ociautomltest-vcm/12462028.jpg,DOG
gs://ociautomltest-vcm/9830491.jpg,DOG
gs://ociautomltest-vcm/9830509.jpg,DOG
gs://ociautomltest-vcm/42096791.jpg,DOG
gs://ociautomltest-vcm/42096782.jpg,DOG
gs://ociautomltest-vcm/42096772.jpg,DOG
gs://ociautomltest-vcm/42096755.jpg,DOG
gs://ociautomltest-vcm/42096713.jpg,DOG
gs://ociautomltest-vcm/42096683.jpg,DOG
gs://ociautomltest-vcm/41637376.jpg,DOG
gs://ociautomltest-vcm/41612303.jpg,DOG
gs://ociautomltest-vcm/41974763.jpg,DOG
gs://ociautomltest-vcm/41974768.jpg,DOG
gs://ociautomltest-vcm/41952310.jpg,DOG
gs://ociautomltest-vcm/41724944.jpg,DOG
gs://ociautomltest-vcm/41394338.jpg,DOG
gs://ociautomltest-vcm/41394342.jpg,DOG
gs://ociautomltest-vcm/41377744.jpg,DOG
gs://ociautomltest-vcm/41377741.jpg,DOG
gs://ociautomltest-vcm/41377748.jpg,DOG
gs://ociautomltest-vcm/41377742.jpg,DOG
gs://ociautomltest-vcm/41375070.jpg,DOG
gs://ociautomltest-vcm/41339933.jpg,DOG
gs://ociautomltest-vcm/41190959.jpg,DOG
gs://ociautomltest-vcm/41190953.jpg,DOG
gs://ociautomltest-vcm/41190960.jpg,DOG
gs://ociautomltest-vcm/40873047.jpg,DOG
gs://ociautomltest-vcm/40873048.jpg,DOG
gs://ociautomltest-vcm/39928699.jpg,DOG
gs://ociautomltest-vcm/39837963.jpg,DOG
gs://ociautomltest-vcm/39677978.jpg,DOG
gs://ociautomltest-vcm/39447096.jpg,DOG
gs://ociautomltest-vcm/39447098.jpg,DOG
gs://ociautomltest-vcm/39447102.jpg,DOG
gs://ociautomltest-vcm/39447119.jpg,DOG
gs://ociautomltest-vcm/39447092.jpg,DOG
gs://ociautomltest-vcm/26771939.jpg,DOG
gs://ociautomltest-vcm/37451740.jpg,DOG
gs://ociautomltest-vcm/42096722.jpg,DOG
gs://ociautomltest-vcm/42096714.jpg,DOG
gs://ociautomltest-vcm/42096700.jpg,DOG
gs://ociautomltest-vcm/42096694.jpg,DOG
gs://ociautomltest-vcm/42096691.jpg,DOG
gs://ociautomltest-vcm/42096684.jpg,DOG
gs://ociautomltest-vcm/42096679.jpg,DOG
gs://ociautomltest-vcm/42096671.jpg,DOG
gs://ociautomltest-vcm/42095285.jpg,DOG
gs://ociautomltest-vcm/42095269.jpg,DOG
gs://ociautomltest-vcm/42095213.jpg,DOG
gs://ociautomltest-vcm/42095103.jpg,DOG
gs://ociautomltest-vcm/42095070.jpg,DOG
gs://ociautomltest-vcm/41913674.jpg,DOG
gs://ociautomltest-vcm/41913664.jpg,DOG
gs://ociautomltest-vcm/41877319.jpg,DOG
gs://ociautomltest-vcm/41877275.jpg,DOG
gs://ociautomltest-vcm/41877260.jpg,DOG
gs://ociautomltest-vcm/41877252.jpg,DOG
gs://ociautomltest-vcm/41877236.jpg,DOG
gs://ociautomltest-vcm/41131044.jpg,DOG
gs://ociautomltest-vcm/40676244.jpg,DOG
gs://ociautomltest-vcm/39810757.jpg,DOG
gs://ociautomltest-vcm/34570869.jpg,DOG
gs://ociautomltest-vcm/34247750.jpg,DOG
gs://ociautomltest-vcm/34247513.jpg,DOG
gs://ociautomltest-vcm/41745965.jpg,DOG
gs://ociautomltest-vcm/41745959.jpg,DOG
gs://ociautomltest-vcm/41228178.jpg,DOG
gs://ociautomltest-vcm/41625625.jpg,DOG
gs://ociautomltest-vcm/37006748.jpg,DOG
gs://ociautomltest-vcm/37006667.jpg,DOG
gs://ociautomltest-vcm/34787259.jpg,DOG
gs://ociautomltest-vcm/34621948.jpg,DOG
gs://ociautomltest-vcm/34621947.jpg,DOG
gs://ociautomltest-vcm/42032617.jpg,DOG
gs://ociautomltest-vcm/42032579.jpg,DOG
gs://ociautomltest-vcm/41844597.jpg,DOG
gs://ociautomltest-vcm/41626402.jpg,DOG
gs://ociautomltest-vcm/41626243.jpg,DOG
gs://ociautomltest-vcm/41345522.jpg,DOG
gs://ociautomltest-vcm/41288461.jpg,DOG
gs://ociautomltest-vcm/41103290.jpg,DOG
gs://ociautomltest-vcm/42023203.jpg,DOG
gs://ociautomltest-vcm/42023316.jpg,DOG
gs://ociautomltest-vcm/42023133.jpg,DOG
gs://ociautomltest-vcm/42022726.jpg,DOG
gs://ociautomltest-vcm/41870612.jpg,DOG
gs://ociautomltest-vcm/41870579.jpg,DOG
gs://ociautomltest-vcm/41648617.jpg,DOG
gs://ociautomltest-vcm/41629016.jpg,DOG
gs://ociautomltest-vcm/41628520.jpg,DOG
gs://ociautomltest-vcm/41605940.jpg,DOG
gs://ociautomltest-vcm/41320339.jpg,DOG
gs://ociautomltest-vcm/41135080.jpg,DOG
gs://ociautomltest-vcm/41135073.jpg,DOG
gs://ociautomltest-vcm/39601289.jpg,DOG
gs://ociautomltest-vcm/41316451.jpg,DOG
gs://ociautomltest-vcm/39306290.jpg,DOG
gs://ociautomltest-vcm/39306271.jpg,DOG
gs://ociautomltest-vcm/39306240.jpg,DOG
gs://ociautomltest-vcm/42013348.jpg,DOG
gs://ociautomltest-vcm/41925256.jpg,DOG
gs://ociautomltest-vcm/41753131.jpg,DOG
gs://ociautomltest-vcm/41698644.jpg,DOG
gs://ociautomltest-vcm/22424618.jpg,DOG
gs://ociautomltest-vcm/42090274.jpg,DOG
gs://ociautomltest-vcm/37214586.jpg,DOG
gs://ociautomltest-vcm/41457870.jpg,DOG
gs://ociautomltest-vcm/41452568.jpg,DOG
gs://ociautomltest-vcm/41452420.jpg,DOG
gs://ociautomltest-vcm/41428865.jpg,DOG
gs://ociautomltest-vcm/41428514.jpg,DOG
gs://ociautomltest-vcm/41247447.jpg,DOG
gs://ociautomltest-vcm/41099515.jpg,DOG
gs://ociautomltest-vcm/39674547.jpg,DOG
gs://ociautomltest-vcm/40190924.jpg,DOG
gs://ociautomltest-vcm/40190486.jpg,DOG
gs://ociautomltest-vcm/37116402.jpg,DOG
gs://ociautomltest-vcm/36873458.jpg,DOG
gs://ociautomltest-vcm/42046256.jpg,DOG
gs://ociautomltest-vcm/42046143.jpg,DOG
gs://ociautomltest-vcm/42045977.jpg,DOG
gs://ociautomltest-vcm/42045891.jpg,DOG
gs://ociautomltest-vcm/42034667.jpg,DOG
gs://ociautomltest-vcm/42000569.jpg,DOG
gs://ociautomltest-vcm/41956468.jpg,DOG
gs://ociautomltest-vcm/41956072.jpg,DOG
gs://ociautomltest-vcm/41808116.jpg,DOG
gs://ociautomltest-vcm/41960155.jpg,DOG
gs://ociautomltest-vcm/42032494.jpg,DOG
gs://ociautomltest-vcm/42032459.jpg,DOG
gs://ociautomltest-vcm/42032446.jpg,DOG
gs://ociautomltest-vcm/42032440.jpg,DOG
gs://ociautomltest-vcm/42032437.jpg,DOG
gs://ociautomltest-vcm/41966467.jpg,DOG
gs://ociautomltest-vcm/41966445.jpg,DOG
gs://ociautomltest-vcm/41966317.jpg,DOG
gs://ociautomltest-vcm/41966046.jpg,DOG
gs://ociautomltest-vcm/41965988.jpg,DOG
gs://ociautomltest-vcm/41965857.jpg,DOG
gs://ociautomltest-vcm/41965335.jpg,DOG
gs://ociautomltest-vcm/41912798.jpg,DOG
gs://ociautomltest-vcm/41912738.jpg,DOG
gs://ociautomltest-vcm/41897679.jpg,DOG
gs://ociautomltest-vcm/41835128.jpg,DOG
gs://ociautomltest-vcm/41835112.jpg,DOG
gs://ociautomltest-vcm/41805375.jpg,DOG
gs://ociautomltest-vcm/41805370.jpg,DOG
gs://ociautomltest-vcm/41712665.jpg,DOG
gs://ociautomltest-vcm/41712596.jpg,DOG
gs://ociautomltest-vcm/41712589.jpg,DOG
gs://ociautomltest-vcm/41647643.jpg,DOG
gs://ociautomltest-vcm/41551632.jpg,DOG
gs://ociautomltest-vcm/41551602.jpg,DOG
gs://ociautomltest-vcm/41491761.jpg,DOG
gs://ociautomltest-vcm/41491721.jpg,DOG
gs://ociautomltest-vcm/41396253.jpg,DOG
gs://ociautomltest-vcm/41333634.jpg,DOG
gs://ociautomltest-vcm/42005692.jpg,DOG
gs://ociautomltest-vcm/41937976.jpg,DOG
gs://ociautomltest-vcm/41715604.jpg,DOG
gs://ociautomltest-vcm/41715502.jpg,DOG
gs://ociautomltest-vcm/41524691.jpg,DOG
gs://ociautomltest-vcm/40813291.jpg,DOG
gs://ociautomltest-vcm/40813276.jpg,DOG
gs://ociautomltest-vcm/40813191.jpg,DOG
gs://ociautomltest-vcm/40813165.jpg,DOG
gs://ociautomltest-vcm/40813155.jpg,DOG
gs://ociautomltest-vcm/40641462.jpg,DOG
gs://ociautomltest-vcm/40389595.jpg,DOG
gs://ociautomltest-vcm/39879838.jpg,DOG
gs://ociautomltest-vcm/39792742.jpg,DOG
gs://ociautomltest-vcm/39722204.jpg,DOG
gs://ociautomltest-vcm/39362458.jpg,DOG
gs://ociautomltest-vcm/39013601.jpg,DOG
gs://ociautomltest-vcm/38031826.jpg,DOG
gs://ociautomltest-vcm/37605024.jpg,DOG
gs://ociautomltest-vcm/35342871.jpg,DOG
gs://ociautomltest-vcm/35341996.jpg,DOG
gs://ociautomltest-vcm/33655314.jpg,DOG
gs://ociautomltest-vcm/39378164.jpg,DOG
gs://ociautomltest-vcm/38851067.jpg,DOG
gs://ociautomltest-vcm/37812982.jpg,DOG
gs://ociautomltest-vcm/37812452.jpg,DOG
gs://ociautomltest-vcm/37812309.jpg,DOG
gs://ociautomltest-vcm/37810544.jpg,DOG
gs://ociautomltest-vcm/37808351.jpg,DOG
gs://ociautomltest-vcm/37808285.jpg,DOG
gs://ociautomltest-vcm/37770653.jpg,DOG
gs://ociautomltest-vcm/37770565.jpg,DOG
gs://ociautomltest-vcm/37770389.jpg,DOG
gs://ociautomltest-vcm/36672698.jpg,DOG
gs://ociautomltest-vcm/36596515.jpg,DOG
gs://ociautomltest-vcm/36515705.jpg,DOG
gs://ociautomltest-vcm/35567807.jpg,DOG
gs://ociautomltest-vcm/35567800.jpg,DOG
gs://ociautomltest-vcm/34726744.jpg,DOG
gs://ociautomltest-vcm/34726636.jpg,DOG
gs://ociautomltest-vcm/32533149.jpg,DOG
gs://ociautomltest-vcm/32529191.jpg,DOG
gs://ociautomltest-vcm/31005322.jpg,DOG
gs://ociautomltest-vcm/31005220.jpg,DOG
gs://ociautomltest-vcm/42008595.jpg,DOG
gs://ociautomltest-vcm/41899597.jpg,DOG
gs://ociautomltest-vcm/41742749.jpg,DOG
gs://ociautomltest-vcm/40996245.jpg,DOG
gs://ociautomltest-vcm/41718540.jpg,DOG
gs://ociautomltest-vcm/41698841.jpg,DOG
gs://ociautomltest-vcm/41698747.jpg,DOG
gs://ociautomltest-vcm/41421803.jpg,DOG
gs://ociautomltest-vcm/41102057.jpg,DOG
gs://ociautomltest-vcm/40056857.jpg,DOG
gs://ociautomltest-vcm/36174831.jpg,DOG
gs://ociautomltest-vcm/42091130.jpg,DOG
gs://ociautomltest-vcm/42084410.jpg,DOG
gs://ociautomltest-vcm/42084412.jpg,DOG
gs://ociautomltest-vcm/42084413.jpg,DOG
gs://ociautomltest-vcm/42084411.jpg,DOG
gs://ociautomltest-vcm/42084409.jpg,DOG
gs://ociautomltest-vcm/42080241.jpg,DOG
gs://ociautomltest-vcm/42080240.jpg,DOG
gs://ociautomltest-vcm/42080242.jpg,DOG
gs://ociautomltest-vcm/42080243.jpg,DOG
gs://ociautomltest-vcm/42072106.jpg,DOG
gs://ociautomltest-vcm/42072104.jpg,DOG
gs://ociautomltest-vcm/42072107.jpg,DOG
gs://ociautomltest-vcm/42072110.jpg,DOG
gs://ociautomltest-vcm/42059897.jpg,DOG
gs://ociautomltest-vcm/42045136.jpg,DOG
gs://ociautomltest-vcm/42045129.jpg,DOG
gs://ociautomltest-vcm/42045122.jpg,DOG
gs://ociautomltest-vcm/42045117.jpg,DOG
gs://ociautomltest-vcm/42045107.jpg,DOG
gs://ociautomltest-vcm/42024339.jpg,DOG
gs://ociautomltest-vcm/41989115.jpg,DOG
gs://ociautomltest-vcm/41941995.jpg,DOG
gs://ociautomltest-vcm/41837656.jpg,DOG
gs://ociautomltest-vcm/41837590.jpg,DOG
gs://ociautomltest-vcm/41763439.jpg,DOG
gs://ociautomltest-vcm/42013463.jpg,DOG
gs://ociautomltest-vcm/41949142.jpg,DOG
gs://ociautomltest-vcm/41933230.jpg,DOG
gs://ociautomltest-vcm/41933217.jpg,DOG
gs://ociautomltest-vcm/41929925.jpg,DOG
gs://ociautomltest-vcm/41869145.jpg,DOG
gs://ociautomltest-vcm/41672019.jpg,DOG
gs://ociautomltest-vcm/41483366.jpg,DOG
gs://ociautomltest-vcm/41435578.jpg,DOG
gs://ociautomltest-vcm/41405417.jpg,DOG
gs://ociautomltest-vcm/41218986.jpg,DOG
gs://ociautomltest-vcm/40053441.jpg,DOG
gs://ociautomltest-vcm/39490943.jpg,DOG
gs://ociautomltest-vcm/38082748.jpg,DOG
gs://ociautomltest-vcm/37294910.jpg,DOG
gs://ociautomltest-vcm/37280005.jpg,DOG
gs://ociautomltest-vcm/32722232.jpg,DOG
gs://ociautomltest-vcm/41867774.jpg,DOG
gs://ociautomltest-vcm/41867773.jpg,DOG
gs://ociautomltest-vcm/41496674.jpg,DOG
gs://ociautomltest-vcm/41496693.jpg,DOG
gs://ociautomltest-vcm/42045679.jpg,DOG
gs://ociautomltest-vcm/41974381.jpg,DOG
gs://ociautomltest-vcm/41862948.jpg,DOG
gs://ociautomltest-vcm/41830640.jpg,DOG
gs://ociautomltest-vcm/41788586.jpg,DOG
gs://ociautomltest-vcm/41771741.jpg,DOG
gs://ociautomltest-vcm/41759925.jpg,DOG
gs://ociautomltest-vcm/41759926.jpg,DOG
gs://ociautomltest-vcm/41666075.jpg,DOG
gs://ociautomltest-vcm/41657521.jpg,DOG
gs://ociautomltest-vcm/41610304.jpg,DOG
gs://ociautomltest-vcm/41551939.jpg,DOG
gs://ociautomltest-vcm/41495666.jpg,DOG
gs://ociautomltest-vcm/41462310.jpg,DOG
gs://ociautomltest-vcm/41323901.jpg,DOG
gs://ociautomltest-vcm/41192549.jpg,DOG
gs://ociautomltest-vcm/41192550.jpg,DOG
gs://ociautomltest-vcm/41192548.jpg,DOG
gs://ociautomltest-vcm/41192547.jpg,DOG
gs://ociautomltest-vcm/41005996.jpg,DOG
gs://ociautomltest-vcm/40832112.jpg,DOG
gs://ociautomltest-vcm/41882895.jpg,DOG
gs://ociautomltest-vcm/41882841.jpg,DOG
gs://ociautomltest-vcm/41882818.jpg,DOG
gs://ociautomltest-vcm/42067231.jpg,DOG
gs://ociautomltest-vcm/42067223.jpg,DOG
gs://ociautomltest-vcm/42067199.jpg,DOG
gs://ociautomltest-vcm/42067191.jpg,DOG
gs://ociautomltest-vcm/42067178.jpg,DOG
gs://ociautomltest-vcm/42067166.jpg,DOG
gs://ociautomltest-vcm/42067136.jpg,DOG
gs://ociautomltest-vcm/41938377.jpg,DOG
gs://ociautomltest-vcm/41890339.jpg,DOG
gs://ociautomltest-vcm/41881895.jpg,DOG
gs://ociautomltest-vcm/41759664.jpg,DOG
gs://ociautomltest-vcm/41758952.jpg,DOG
gs://ociautomltest-vcm/41750972.jpg,DOG
gs://ociautomltest-vcm/41664895.jpg,DOG
gs://ociautomltest-vcm/40868427.jpg,DOG
gs://ociautomltest-vcm/40388776.jpg,DOG
gs://ociautomltest-vcm/40082696.jpg,DOG
gs://ociautomltest-vcm/42088891.jpg,DOG
gs://ociautomltest-vcm/42088892.jpg,DOG
gs://ociautomltest-vcm/42088893.jpg,DOG
gs://ociautomltest-vcm/42088890.jpg,DOG
gs://ociautomltest-vcm/42077670.jpg,DOG
gs://ociautomltest-vcm/42018911.jpg,DOG
gs://ociautomltest-vcm/42018914.jpg,DOG
gs://ociautomltest-vcm/42014084.jpg,DOG
gs://ociautomltest-vcm/41998424.jpg,DOG
gs://ociautomltest-vcm/41998425.jpg,DOG
gs://ociautomltest-vcm/41995089.jpg,DOG
gs://ociautomltest-vcm/41995081.jpg,DOG
gs://ociautomltest-vcm/41973276.jpg,DOG
gs://ociautomltest-vcm/41827276.jpg,DOG
gs://ociautomltest-vcm/41785073.jpg,DOG
gs://ociautomltest-vcm/41781583.jpg,DOG
gs://ociautomltest-vcm/41692030.jpg,DOG
gs://ociautomltest-vcm/41689941.jpg,DOG
gs://ociautomltest-vcm/41614967.jpg,DOG
gs://ociautomltest-vcm/41614971.jpg,DOG
gs://ociautomltest-vcm/41612499.jpg,DOG
gs://ociautomltest-vcm/41612432.jpg,DOG
gs://ociautomltest-vcm/41474201.jpg,DOG
gs://ociautomltest-vcm/41474202.jpg,DOG
gs://ociautomltest-vcm/41473180.jpg,DOG
gs://ociautomltest-vcm/41473172.jpg,DOG
gs://ociautomltest-vcm/41415769.jpg,DOG
gs://ociautomltest-vcm/41402240.jpg,DOG
gs://ociautomltest-vcm/41398066.jpg,DOG
gs://ociautomltest-vcm/41308243.jpg,DOG
gs://ociautomltest-vcm/41224306.jpg,DOG
gs://ociautomltest-vcm/40706898.jpg,DOG
gs://ociautomltest-vcm/40704400.jpg,DOG
gs://ociautomltest-vcm/39941988.jpg,DOG
gs://ociautomltest-vcm/42082722.jpg,DOG
gs://ociautomltest-vcm/42082720.jpg,DOG
gs://ociautomltest-vcm/42082721.jpg,DOG
gs://ociautomltest-vcm/42076615.jpg,DOG
gs://ociautomltest-vcm/42076614.jpg,DOG
gs://ociautomltest-vcm/42056201.jpg,DOG
gs://ociautomltest-vcm/42056199.jpg,DOG
gs://ociautomltest-vcm/42047726.jpg,DOG
gs://ociautomltest-vcm/42037848.jpg,DOG
gs://ociautomltest-vcm/42037849.jpg,DOG
gs://ociautomltest-vcm/42037850.jpg,DOG
gs://ociautomltest-vcm/42037851.jpg,DOG
gs://ociautomltest-vcm/42027252.jpg,DOG
gs://ociautomltest-vcm/42027251.jpg,DOG
gs://ociautomltest-vcm/42009152.jpg,DOG
gs://ociautomltest-vcm/41953118.jpg,DOG
gs://ociautomltest-vcm/41926234.jpg,DOG
gs://ociautomltest-vcm/41900726.jpg,DOG
gs://ociautomltest-vcm/41900723.jpg,DOG
gs://ociautomltest-vcm/41900725.jpg,DOG
gs://ociautomltest-vcm/41893587.jpg,DOG
gs://ociautomltest-vcm/41893584.jpg,DOG
gs://ociautomltest-vcm/41893585.jpg,DOG
gs://ociautomltest-vcm/41893586.jpg,DOG
gs://ociautomltest-vcm/41756479.jpg,DOG
gs://ociautomltest-vcm/41710205.jpg,DOG
gs://ociautomltest-vcm/41604677.jpg,DOG
gs://ociautomltest-vcm/41580049.jpg,DOG
gs://ociautomltest-vcm/41564269.jpg,DOG
gs://ociautomltest-vcm/41537894.jpg,DOG
gs://ociautomltest-vcm/41521869.jpg,DOG
gs://ociautomltest-vcm/41471656.jpg,DOG
gs://ociautomltest-vcm/41444239.jpg,DOG
gs://ociautomltest-vcm/41437188.jpg,DOG
gs://ociautomltest-vcm/41433219.jpg,DOG
gs://ociautomltest-vcm/41433218.jpg,DOG
gs://ociautomltest-vcm/41428192.jpg,DOG
gs://ociautomltest-vcm/41391832.jpg,DOG
gs://ociautomltest-vcm/41391833.jpg,DOG
gs://ociautomltest-vcm/41382382.jpg,DOG
gs://ociautomltest-vcm/41382381.jpg,DOG
gs://ociautomltest-vcm/41165002.jpg,DOG
gs://ociautomltest-vcm/41140890.jpg,DOG
gs://ociautomltest-vcm/41133140.jpg,DOG
gs://ociautomltest-vcm/41133138.jpg,DOG
gs://ociautomltest-vcm/41034442.jpg,DOG
gs://ociautomltest-vcm/41008914.jpg,DOG
gs://ociautomltest-vcm/41008915.jpg,DOG
gs://ociautomltest-vcm/40971788.jpg,DOG
gs://ociautomltest-vcm/40933422.jpg,DOG
gs://ociautomltest-vcm/40634083.jpg,DOG
gs://ociautomltest-vcm/40575487.jpg,DOG
gs://ociautomltest-vcm/40565763.jpg,DOG
gs://ociautomltest-vcm/40121808.jpg,DOG
gs://ociautomltest-vcm/40121807.jpg,DOG
gs://ociautomltest-vcm/40107587.jpg,DOG
gs://ociautomltest-vcm/40107588.jpg,DOG
gs://ociautomltest-vcm/40064958.jpg,DOG
gs://ociautomltest-vcm/39944164.jpg,DOG
gs://ociautomltest-vcm/39921988.jpg,DOG
gs://ociautomltest-vcm/39613859.jpg,DOG
gs://ociautomltest-vcm/39448025.jpg,DOG
gs://ociautomltest-vcm/39356675.jpg,DOG
gs://ociautomltest-vcm/39325237.jpg,DOG
gs://ociautomltest-vcm/39203015.jpg,DOG
gs://ociautomltest-vcm/38571307.jpg,DOG
gs://ociautomltest-vcm/38534381.jpg,DOG
gs://ociautomltest-vcm/38148927.jpg,DOG
gs://ociautomltest-vcm/37317336.jpg,DOG
gs://ociautomltest-vcm/37228846.jpg,DOG
gs://ociautomltest-vcm/37228847.jpg,DOG
gs://ociautomltest-vcm/37158439.jpg,DOG
gs://ociautomltest-vcm/36974211.jpg,DOG
gs://ociautomltest-vcm/36570547.jpg,DOG
gs://ociautomltest-vcm/36118577.jpg,DOG
gs://ociautomltest-vcm/36096913.jpg,DOG
gs://ociautomltest-vcm/36096893.jpg,DOG
gs://ociautomltest-vcm/36096899.jpg,DOG
gs://ociautomltest-vcm/36096860.jpg,DOG
gs://ociautomltest-vcm/36096874.jpg,DOG
gs://ociautomltest-vcm/36096859.jpg,DOG
gs://ociautomltest-vcm/36096863.jpg,DOG
gs://ociautomltest-vcm/36096864.jpg,DOG
gs://ociautomltest-vcm/36096878.jpg,DOG
gs://ociautomltest-vcm/36096847.jpg,DOG
gs://ociautomltest-vcm/36096793.jpg,DOG
gs://ociautomltest-vcm/42076263.jpg,DOG
gs://ociautomltest-vcm/42047342.jpg,DOG
gs://ociautomltest-vcm/42026768.jpg,DOG
gs://ociautomltest-vcm/42026767.jpg,DOG
gs://ociautomltest-vcm/41997469.jpg,DOG
gs://ociautomltest-vcm/41043139.jpg,DOG
gs://ociautomltest-vcm/38855333.jpg,DOG
gs://ociautomltest-vcm/38698104.jpg,DOG
gs://ociautomltest-vcm/38674345.jpg,DOG
gs://ociautomltest-vcm/38643395.jpg,DOG
gs://ociautomltest-vcm/37664178.jpg,DOG
gs://ociautomltest-vcm/37661980.jpg,DOG
gs://ociautomltest-vcm/37661900.jpg,DOG
gs://ociautomltest-vcm/42082800.jpg,DOG
gs://ociautomltest-vcm/42082802.jpg,DOG
gs://ociautomltest-vcm/42082801.jpg,DOG
gs://ociautomltest-vcm/42082803.jpg,DOG
gs://ociautomltest-vcm/41795360.jpg,DOG
gs://ociautomltest-vcm/41784280.jpg,DOG
gs://ociautomltest-vcm/41784281.jpg,DOG
gs://ociautomltest-vcm/41784282.jpg,DOG
gs://ociautomltest-vcm/41777669.jpg,DOG
gs://ociautomltest-vcm/39713392.jpg,DOG
gs://ociautomltest-vcm/39713395.jpg,DOG
gs://ociautomltest-vcm/39713179.jpg,DOG
gs://ociautomltest-vcm/39713177.jpg,DOG
gs://ociautomltest-vcm/38487638.jpg,DOG
gs://ociautomltest-vcm/38487640.jpg,DOG
gs://ociautomltest-vcm/38487498.jpg,DOG
gs://ociautomltest-vcm/38487495.jpg,DOG
gs://ociautomltest-vcm/36317517.jpg,DOG
gs://ociautomltest-vcm/36145377.jpg,DOG
gs://ociautomltest-vcm/34813616.jpg,DOG
gs://ociautomltest-vcm/31435473.jpg,DOG
gs://ociautomltest-vcm/31435449.jpg,DOG
gs://ociautomltest-vcm/28340106.jpg,DOG
gs://ociautomltest-vcm/26956731.jpg,DOG
gs://ociautomltest-vcm/25016050.jpg,DOG
gs://ociautomltest-vcm/41357286.jpg,DOG
gs://ociautomltest-vcm/42007404.jpg,DOG
gs://ociautomltest-vcm/41793214.jpg,DOG
gs://ociautomltest-vcm/41978459.jpg,DOG
gs://ociautomltest-vcm/41978460.jpg,DOG
gs://ociautomltest-vcm/41978461.jpg,DOG
gs://ociautomltest-vcm/41978462.jpg,DOG
gs://ociautomltest-vcm/41869269.jpg,DOG
gs://ociautomltest-vcm/41869270.jpg,DOG
gs://ociautomltest-vcm/41663651.jpg,DOG
gs://ociautomltest-vcm/41652011.jpg,DOG
gs://ociautomltest-vcm/41652012.jpg,DOG
gs://ociautomltest-vcm/41313629.jpg,DOG
gs://ociautomltest-vcm/41076718.jpg,DOG
gs://ociautomltest-vcm/40874141.jpg,DOG
gs://ociautomltest-vcm/40685835.jpg,DOG
gs://ociautomltest-vcm/42085169.jpg,DOG
gs://ociautomltest-vcm/42043044.jpg,DOG
gs://ociautomltest-vcm/42043026.jpg,DOG
gs://ociautomltest-vcm/42042980.jpg,DOG
gs://ociautomltest-vcm/39871789.jpg,DOG
gs://ociautomltest-vcm/39871749.jpg,DOG
gs://ociautomltest-vcm/11921101.jpg,DOG
gs://ociautomltest-vcm/41221398.jpg,DOG
gs://ociautomltest-vcm/41053068.jpg,DOG
gs://ociautomltest-vcm/41053060.jpg,DOG
gs://ociautomltest-vcm/40942331.jpg,DOG
gs://ociautomltest-vcm/40704426.jpg,DOG
gs://ociautomltest-vcm/40585126.jpg,DOG
gs://ociautomltest-vcm/40584958.jpg,DOG
gs://ociautomltest-vcm/40183110.jpg,DOG
gs://ociautomltest-vcm/39742420.jpg,DOG
gs://ociautomltest-vcm/39716715.jpg,DOG
gs://ociautomltest-vcm/38902146.jpg,DOG
gs://ociautomltest-vcm/41968879.jpg,DOG
gs://ociautomltest-vcm/41442644.jpg,DOG
gs://ociautomltest-vcm/41442581.jpg,DOG
gs://ociautomltest-vcm/40754198.jpg,DOG
gs://ociautomltest-vcm/32940254.jpg,DOG
gs://ociautomltest-vcm/42012569.jpg,DOG
gs://ociautomltest-vcm/42012546.jpg,DOG
gs://ociautomltest-vcm/42012533.jpg,DOG
gs://ociautomltest-vcm/42012521.jpg,DOG
gs://ociautomltest-vcm/41940669.jpg,DOG
gs://ociautomltest-vcm/41939395.jpg,DOG
gs://ociautomltest-vcm/41939310.jpg,DOG
gs://ociautomltest-vcm/41939113.jpg,DOG
gs://ociautomltest-vcm/41939050.jpg,DOG
gs://ociautomltest-vcm/41939010.jpg,DOG
gs://ociautomltest-vcm/41938545.jpg,DOG
gs://ociautomltest-vcm/41938331.jpg,DOG
gs://ociautomltest-vcm/41938207.jpg,DOG
gs://ociautomltest-vcm/41544783.jpg,DOG
gs://ociautomltest-vcm/40389023.jpg,DOG
gs://ociautomltest-vcm/42059635.jpg,DOG
gs://ociautomltest-vcm/42051206.jpg,DOG
gs://ociautomltest-vcm/42051207.jpg,DOG
gs://ociautomltest-vcm/42051208.jpg,DOG
gs://ociautomltest-vcm/41978751.jpg,DOG
gs://ociautomltest-vcm/41969063.jpg,DOG
gs://ociautomltest-vcm/41959870.jpg,DOG
gs://ociautomltest-vcm/41959871.jpg,DOG
gs://ociautomltest-vcm/41959872.jpg,DOG
gs://ociautomltest-vcm/41931485.jpg,DOG
gs://ociautomltest-vcm/41888624.jpg,DOG
gs://ociautomltest-vcm/41792486.jpg,DOG
gs://ociautomltest-vcm/41792494.jpg,DOG
gs://ociautomltest-vcm/41716820.jpg,DOG
gs://ociautomltest-vcm/41592955.jpg,DOG
gs://ociautomltest-vcm/41534602.jpg,DOG
gs://ociautomltest-vcm/41489942.jpg,DOG
gs://ociautomltest-vcm/41356435.jpg,DOG
gs://ociautomltest-vcm/42073493.jpg,DOG
gs://ociautomltest-vcm/42073486.jpg,DOG
gs://ociautomltest-vcm/42073480.jpg,DOG
gs://ociautomltest-vcm/42073477.jpg,DOG
gs://ociautomltest-vcm/42073472.jpg,DOG
gs://ociautomltest-vcm/42073469.jpg,DOG
gs://ociautomltest-vcm/42073468.jpg,DOG
gs://ociautomltest-vcm/42007248.jpg,DOG
gs://ociautomltest-vcm/41942328.jpg,DOG
gs://ociautomltest-vcm/41829805.jpg,DOG
gs://ociautomltest-vcm/41770772.jpg,DOG
gs://ociautomltest-vcm/41770861.jpg,DOG
gs://ociautomltest-vcm/41770733.jpg,DOG
gs://ociautomltest-vcm/41770697.jpg,DOG
gs://ociautomltest-vcm/40966505.jpg,DOG
gs://ociautomltest-vcm/40958784.jpg,DOG
