gs://ociautomltest-vcm/42060607.jpg,Domestic Short Hair
gs://ociautomltest-vcm/42060598.jpg,Domestic Short Hair
gs://ociautomltest-vcm/42060583.jpg,Domestic Short Hair
gs://ociautomltest-vcm/42060569.jpg,Domestic Short Hair
gs://ociautomltest-vcm/42060551.jpg,Domestic Short Hair
gs://ociautomltest-vcm/41975910.jpg,Domestic Short Hair
gs://ociautomltest-vcm/41975768.jpg,Domestic Short Hair
gs://ociautomltest-vcm/41975732.jpg,Domestic Short Hair
gs://ociautomltest-vcm/41974427.jpg,Domestic Short Hair
gs://ociautomltest-vcm/41974286.jpg,Domestic Short Hair
gs://ociautomltest-vcm/41850965.jpg,Domestic Short Hair
gs://ociautomltest-vcm/41850960.jpg,Domestic Long Hair
gs://ociautomltest-vcm/41850956.jpg,Domestic Short Hair
gs://ociautomltest-vcm/41850939.jpg,Domestic Short Hair
gs://ociautomltest-vcm/41769733.jpg,Domestic Short Hair
gs://ociautomltest-vcm/41769714.jpg,Domestic Short Hair
gs://ociautomltest-vcm/41769651.jpg,Domestic Short Hair
gs://ociautomltest-vcm/41769640.jpg,Domestic Short Hair
gs://ociautomltest-vcm/41693379.jpg,Domestic Long Hair
gs://ociautomltest-vcm/41628326.jpg,Domestic Short Hair
gs://ociautomltest-vcm/41624409.jpg,Domestic Short Hair
gs://ociautomltest-vcm/41624111.jpg,Domestic Long Hair
gs://ociautomltest-vcm/41583210.jpg,Domestic Short Hair
gs://ociautomltest-vcm/41583006.jpg,Domestic Short Hair
gs://ociautomltest-vcm/41582581.jpg,Domestic Short Hair
gs://ociautomltest-vcm/41582187.jpg,Domestic Short Hair
gs://ociautomltest-vcm/41567665.jpg,Domestic Short Hair
gs://ociautomltest-vcm/41534094.jpg,Domestic Short Hair
gs://ociautomltest-vcm/41511973.jpg,Domestic Short Hair
gs://ociautomltest-vcm/41423985.jpg,Domestic Short Hair
gs://ociautomltest-vcm/41219873.jpg,Domestic Short Hair
gs://ociautomltest-vcm/41084738.jpg,Tabby
gs://ociautomltest-vcm/40813515.jpg,Domestic Short Hair
gs://ociautomltest-vcm/40813449.jpg,Domestic Short Hair
gs://ociautomltest-vcm/40668219.jpg,Domestic Long Hair
gs://ociautomltest-vcm/40668211.jpg,Dilute Tortoiseshell
gs://ociautomltest-vcm/40592035.jpg,Domestic Short Hair
gs://ociautomltest-vcm/40591300.jpg,Domestic Short Hair
gs://ociautomltest-vcm/40590538.jpg,Domestic Short Hair
gs://ociautomltest-vcm/39519698.jpg,Tabby
gs://ociautomltest-vcm/39486515.jpg,Domestic Short Hair
gs://ociautomltest-vcm/39313515.jpg,Tabby
gs://ociautomltest-vcm/39310960.jpg,Domestic Short Hair
gs://ociautomltest-vcm/39310838.jpg,Calico
gs://ociautomltest-vcm/39294929.jpg,Domestic Short Hair
gs://ociautomltest-vcm/39294925.jpg,Tabby
gs://ociautomltest-vcm/39294923.jpg,Calico
gs://ociautomltest-vcm/39231747.jpg,Tabby
gs://ociautomltest-vcm/39231716.jpg,Domestic Short Hair
gs://ociautomltest-vcm/39201654.jpg,Tabby
gs://ociautomltest-vcm/39199837.jpg,Domestic Short Hair
gs://ociautomltest-vcm/39165412.jpg,Tortoiseshell
gs://ociautomltest-vcm/39165401.jpg,Tabby
gs://ociautomltest-vcm/39165215.jpg,Dilute Tortoiseshell
gs://ociautomltest-vcm/39126941.jpg,Domestic Short Hair
gs://ociautomltest-vcm/39126443.jpg,Tortoiseshell
gs://ociautomltest-vcm/37558911.jpg,Domestic Short Hair
gs://ociautomltest-vcm/34515745.jpg,Domestic Short Hair
gs://ociautomltest-vcm/34455064.jpg,Tabby
gs://ociautomltest-vcm/34364614.jpg,Domestic Short Hair
gs://ociautomltest-vcm/34364336.jpg,Tabby
gs://ociautomltest-vcm/34364280.jpg,Calico
gs://ociautomltest-vcm/34351275.jpg,Calico
gs://ociautomltest-vcm/34351249.jpg,Tortoiseshell
gs://ociautomltest-vcm/34241488.jpg,Tabby
gs://ociautomltest-vcm/34233985.jpg,Tabby
gs://ociautomltest-vcm/33614914.jpg,Tabby
gs://ociautomltest-vcm/33437019.jpg,Tabby
gs://ociautomltest-vcm/33279752.jpg,Tuxedo
gs://ociautomltest-vcm/33088425.jpg,Tabby
gs://ociautomltest-vcm/32902938.jpg,Domestic Short Hair
gs://ociautomltest-vcm/32385946.jpg,Tortoiseshell
gs://ociautomltest-vcm/32385918.jpg,Dilute Calico
gs://ociautomltest-vcm/32121365.jpg,Domestic Short Hair
gs://ociautomltest-vcm/32117437.jpg,Domestic Short Hair
gs://ociautomltest-vcm/31171223.jpg,Tabby
gs://ociautomltest-vcm/31140774.jpg,Domestic Short Hair
gs://ociautomltest-vcm/30950931.jpg,Domestic Short Hair
gs://ociautomltest-vcm/30589280.jpg,Domestic Medium Hair
gs://ociautomltest-vcm/30230740.jpg,Dilute Calico
gs://ociautomltest-vcm/29670153.jpg,Torbie
gs://ociautomltest-vcm/28501808.jpg,Tabby
gs://ociautomltest-vcm/28197785.jpg,Tabby
gs://ociautomltest-vcm/28149805.jpg,Tabby
gs://ociautomltest-vcm/26943844.jpg,Domestic Short Hair
gs://ociautomltest-vcm/26676689.jpg,Tabby
gs://ociautomltest-vcm/26603772.jpg,Tabby
gs://ociautomltest-vcm/26603748.jpg,Domestic Short Hair and Tabby Mix
gs://ociautomltest-vcm/26544479.jpg,Torbie
gs://ociautomltest-vcm/25688387.jpg,Domestic Short Hair
gs://ociautomltest-vcm/25688353.jpg,Tabby
gs://ociautomltest-vcm/25227738.jpg,Domestic Short Hair
gs://ociautomltest-vcm/24996178.jpg,Domestic Short Hair
gs://ociautomltest-vcm/24950110.jpg,Domestic Short Hair
gs://ociautomltest-vcm/24713845.jpg,Tabby
gs://ociautomltest-vcm/24620968.jpg,Domestic Short Hair
gs://ociautomltest-vcm/24556009.jpg,Domestic Short Hair
gs://ociautomltest-vcm/24509503.jpg,Domestic Short Hair
gs://ociautomltest-vcm/24500612.jpg,Domestic Short Hair
gs://ociautomltest-vcm/24499902.jpg,Domestic Short Hair
gs://ociautomltest-vcm/24322996.jpg,Domestic Short Hair
gs://ociautomltest-vcm/24076888.jpg,Tabby
gs://ociautomltest-vcm/22442762.jpg,Tabby
gs://ociautomltest-vcm/21748200.jpg,Domestic Short Hair
gs://ociautomltest-vcm/20606553.jpg,Turkish Van
gs://ociautomltest-vcm/20606371.jpg,Calico
gs://ociautomltest-vcm/20605772.jpg,Domestic Medium Hair
gs://ociautomltest-vcm/20096360.jpg,Tabby
gs://ociautomltest-vcm/20087166.jpg,Torbie
gs://ociautomltest-vcm/20067084.jpg,Dilute Calico
gs://ociautomltest-vcm/19740920.jpg,Siamese Mix
gs://ociautomltest-vcm/42016258.jpg,Calico
gs://ociautomltest-vcm/42005314.jpg,Domestic Short Hair Mix
gs://ociautomltest-vcm/41993334.jpg,Domestic Short Hair
gs://ociautomltest-vcm/41993333.jpg,Domestic Short Hair
gs://ociautomltest-vcm/41963806.jpg,Domestic Short Hair
gs://ociautomltest-vcm/41963805.jpg,Domestic Short Hair
gs://ociautomltest-vcm/41768180.jpg,Domestic Medium Hair Mix
gs://ociautomltest-vcm/41768181.jpg,Domestic Medium Hair Mix
gs://ociautomltest-vcm/41768178.jpg,Domestic Medium Hair Mix
gs://ociautomltest-vcm/41768182.jpg,Domestic Medium Hair Mix
gs://ociautomltest-vcm/41768165.jpg,Domestic Short Hair Mix
gs://ociautomltest-vcm/41768167.jpg,Domestic Short Hair and Tabby Mix
gs://ociautomltest-vcm/41768172.jpg,Domestic Medium Hair Mix
gs://ociautomltest-vcm/41768179.jpg,Domestic Medium Hair Mix
gs://ociautomltest-vcm/41768175.jpg,Domestic Short Hair Mix
gs://ociautomltest-vcm/41768177.jpg,Domestic Short Hair Mix
gs://ociautomltest-vcm/41768174.jpg,Domestic Short Hair Mix
gs://ociautomltest-vcm/41768176.jpg,Domestic Short Hair Mix
gs://ociautomltest-vcm/41668210.jpg,Domestic Short Hair and Tabby Mix
gs://ociautomltest-vcm/41649137.jpg,Domestic Short Hair
gs://ociautomltest-vcm/41649125.jpg,Domestic Short Hair
gs://ociautomltest-vcm/41649120.jpg,Domestic Short Hair
gs://ociautomltest-vcm/41611527.jpg,Domestic Short Hair Mix
gs://ociautomltest-vcm/41597795.jpg,Domestic Short Hair Mix
gs://ociautomltest-vcm/41550009.jpg,Domestic Short Hair Mix
gs://ociautomltest-vcm/41307985.jpg,Domestic Short Hair
gs://ociautomltest-vcm/40893743.jpg,Domestic Short Hair
gs://ociautomltest-vcm/40128842.jpg,Domestic Short Hair Mix
gs://ociautomltest-vcm/38988544.jpg,Domestic Short Hair Mix
gs://ociautomltest-vcm/38165460.jpg,Domestic Long Hair Mix
gs://ociautomltest-vcm/37647769.jpg,Calico
gs://ociautomltest-vcm/37230151.jpg,Domestic Medium Hair
gs://ociautomltest-vcm/36557388.jpg,Domestic Short Hair
gs://ociautomltest-vcm/35738149.jpg,Calico
gs://ociautomltest-vcm/34730576.jpg,Domestic Short Hair
gs://ociautomltest-vcm/34665418.jpg,Domestic Short Hair
gs://ociautomltest-vcm/33880686.jpg,Domestic Short Hair
gs://ociautomltest-vcm/33400356.jpg,Domestic Short Hair
gs://ociautomltest-vcm/30286648.jpg,Manx
gs://ociautomltest-vcm/27902693.jpg,Calico
gs://ociautomltest-vcm/26168875.jpg,Domestic Medium Hair
gs://ociautomltest-vcm/25034769.jpg,Domestic Short Hair
gs://ociautomltest-vcm/24501272.jpg,Domestic Short Hair Mix
gs://ociautomltest-vcm/23985647.jpg,Domestic Short Hair
gs://ociautomltest-vcm/23643102.jpg,Domestic Short Hair
gs://ociautomltest-vcm/23084099.jpg,Domestic Short Hair
gs://ociautomltest-vcm/23084038.jpg,Domestic Short Hair
gs://ociautomltest-vcm/20328584.jpg,Domestic Short Hair
gs://ociautomltest-vcm/42093886.jpg,Domestic Short Hair
gs://ociautomltest-vcm/42087882.jpg,Domestic Short Hair
gs://ociautomltest-vcm/42087887.jpg,Snowshoe and Domestic Short Hair Mix
gs://ociautomltest-vcm/42087884.jpg,Domestic Short Hair
gs://ociautomltest-vcm/42087888.jpg,Domestic Medium Hair
gs://ociautomltest-vcm/42087885.jpg,Domestic Short Hair
gs://ociautomltest-vcm/42087880.jpg,Domestic Long Hair
gs://ociautomltest-vcm/42087881.jpg,Domestic Short Hair
gs://ociautomltest-vcm/42087886.jpg,Domestic Short Hair
gs://ociautomltest-vcm/42087877.jpg,Domestic Short Hair
gs://ociautomltest-vcm/42087876.jpg,Domestic Short Hair
gs://ociautomltest-vcm/42076374.jpg,Domestic Short Hair
gs://ociautomltest-vcm/42076375.jpg,Domestic Medium Hair
gs://ociautomltest-vcm/42076381.jpg,Domestic Short Hair
gs://ociautomltest-vcm/42076379.jpg,Domestic Short Hair
gs://ociautomltest-vcm/42076385.jpg,Domestic Short Hair
gs://ociautomltest-vcm/42069442.jpg,Domestic Short Hair
gs://ociautomltest-vcm/42069440.jpg,Domestic Short Hair
gs://ociautomltest-vcm/42069439.jpg,Domestic Short Hair
gs://ociautomltest-vcm/42069445.jpg,Domestic Short Hair
gs://ociautomltest-vcm/42063116.jpg,Domestic Short Hair
gs://ociautomltest-vcm/42063118.jpg,Domestic Short Hair
gs://ociautomltest-vcm/42055998.jpg,Domestic Short Hair
gs://ociautomltest-vcm/42037541.jpg,Domestic Short Hair
gs://ociautomltest-vcm/42037537.jpg,Domestic Short Hair
gs://ociautomltest-vcm/42037545.jpg,Domestic Long Hair
gs://ociautomltest-vcm/42026894.jpg,Domestic Short Hair
gs://ociautomltest-vcm/42026889.jpg,Domestic Short Hair
gs://ociautomltest-vcm/42026924.jpg,Domestic Medium Hair
gs://ociautomltest-vcm/41929562.jpg,Domestic Medium Hair
gs://ociautomltest-vcm/41457830.jpg,Domestic Short Hair and Tabby Mix
gs://ociautomltest-vcm/41457819.jpg,Domestic Short Hair
gs://ociautomltest-vcm/38341470.jpg,Domestic Short Hair
gs://ociautomltest-vcm/36503555.jpg,Domestic Short Hair and Tuxedo Mix
gs://ociautomltest-vcm/41972306.jpg,Tabby
gs://ociautomltest-vcm/41972388.jpg,Tabby
gs://ociautomltest-vcm/41972220.jpg,Tabby
gs://ociautomltest-vcm/41923676.jpg,Domestic Short Hair
gs://ociautomltest-vcm/41923661.jpg,Domestic Short Hair
gs://ociautomltest-vcm/41923655.jpg,Domestic Short Hair
gs://ociautomltest-vcm/41912647.jpg,Domestic Short Hair
gs://ociautomltest-vcm/41912631.jpg,Domestic Short Hair
gs://ociautomltest-vcm/41912557.jpg,Domestic Short Hair
gs://ociautomltest-vcm/39490684.jpg,Domestic Short Hair
gs://ociautomltest-vcm/37844049.jpg,Calico
gs://ociautomltest-vcm/35782510.jpg,Domestic Short Hair
gs://ociautomltest-vcm/34216683.jpg,Domestic Short Hair Mix
gs://ociautomltest-vcm/42043712.jpg,Domestic Short Hair Mix
gs://ociautomltest-vcm/41956020.jpg,Domestic Short Hair Mix
gs://ociautomltest-vcm/41956007.jpg,Domestic Short Hair Mix
gs://ociautomltest-vcm/41897964.jpg,Domestic Short Hair Mix
gs://ociautomltest-vcm/41897916.jpg,Domestic Short Hair Mix
gs://ociautomltest-vcm/41746395.jpg,Domestic Short Hair Mix
gs://ociautomltest-vcm/41746360.jpg,Domestic Short Hair Mix
gs://ociautomltest-vcm/41682114.jpg,Domestic Short Hair Mix
gs://ociautomltest-vcm/41682107.jpg,Domestic Short Hair Mix
gs://ociautomltest-vcm/41682105.jpg,Domestic Short Hair Mix
gs://ociautomltest-vcm/41682101.jpg,Domestic Short Hair Mix
gs://ociautomltest-vcm/41682078.jpg,Domestic Short Hair Mix
gs://ociautomltest-vcm/41591051.jpg,Domestic Medium Hair Mix
gs://ociautomltest-vcm/41590904.jpg,Domestic Medium Hair Mix
gs://ociautomltest-vcm/41590839.jpg,Domestic Short Hair Mix
gs://ociautomltest-vcm/41590674.jpg,Domestic Short Hair Mix
gs://ociautomltest-vcm/41590612.jpg,Domestic Short Hair Mix
gs://ociautomltest-vcm/41585420.jpg,Domestic Short Hair Mix
gs://ociautomltest-vcm/41585382.jpg,Domestic Short Hair Mix
gs://ociautomltest-vcm/41585375.jpg,Domestic Short Hair Mix
gs://ociautomltest-vcm/41585362.jpg,Domestic Short Hair Mix
gs://ociautomltest-vcm/41585342.jpg,Domestic Short Hair Mix
gs://ociautomltest-vcm/41585336.jpg,Domestic Short Hair Mix
gs://ociautomltest-vcm/41139237.jpg,Domestic Short Hair Mix
gs://ociautomltest-vcm/41139234.jpg,Domestic Short Hair Mix
gs://ociautomltest-vcm/41139205.jpg,Domestic Short Hair Mix
gs://ociautomltest-vcm/41139166.jpg,Domestic Short Hair Mix
gs://ociautomltest-vcm/40523791.jpg,Domestic Short Hair Mix
gs://ociautomltest-vcm/40504924.jpg,Domestic Short Hair Mix
gs://ociautomltest-vcm/40477337.jpg,Domestic Short Hair Mix
gs://ociautomltest-vcm/40358454.jpg,Domestic Short Hair Mix
gs://ociautomltest-vcm/33860901.jpg,Domestic Long Hair Mix
gs://ociautomltest-vcm/33860839.jpg,Domestic Short Hair Mix
gs://ociautomltest-vcm/33860801.jpg,Domestic Short Hair Mix
gs://ociautomltest-vcm/32314270.jpg,Domestic Short Hair
gs://ociautomltest-vcm/32314193.jpg,Calico
gs://ociautomltest-vcm/31495702.jpg,Tortoiseshell Mix
gs://ociautomltest-vcm/30066221.jpg,Domestic Short Hair and Tabby Mix
gs://ociautomltest-vcm/28116462.jpg,Domestic Short Hair Mix
gs://ociautomltest-vcm/25989653.jpg,Domestic Short Hair
gs://ociautomltest-vcm/25989639.jpg,Siamese
gs://ociautomltest-vcm/25989615.jpg,Russian Blue
gs://ociautomltest-vcm/25989556.jpg,Domestic Short Hair
gs://ociautomltest-vcm/25989544.jpg,Domestic Short Hair
gs://ociautomltest-vcm/25989406.jpg,Domestic Short Hair
gs://ociautomltest-vcm/22743333.jpg,Domestic Short Hair
gs://ociautomltest-vcm/9224712.jpg,Tiger Mix
gs://ociautomltest-vcm/8643711.jpg,Domestic Short Hair Mix
gs://ociautomltest-vcm/42078739.jpg,Domestic Short Hair
gs://ociautomltest-vcm/42064742.jpg,Domestic Long Hair
gs://ociautomltest-vcm/42058226.jpg,Domestic Short Hair
gs://ociautomltest-vcm/42058219.jpg,Domestic Short Hair
gs://ociautomltest-vcm/42058217.jpg,Domestic Short Hair
gs://ociautomltest-vcm/42058214.jpg,Domestic Short Hair Mix
gs://ociautomltest-vcm/42058215.jpg,Domestic Medium Hair
gs://ociautomltest-vcm/42058213.jpg,Domestic Short Hair
gs://ociautomltest-vcm/42040197.jpg,Domestic Medium Hair
gs://ociautomltest-vcm/42040188.jpg,Domestic Short Hair
gs://ociautomltest-vcm/42029775.jpg,Domestic Short Hair
gs://ociautomltest-vcm/42029774.jpg,Domestic Short Hair
gs://ociautomltest-vcm/42029771.jpg,Domestic Short Hair
gs://ociautomltest-vcm/41993391.jpg,Domestic Short Hair
gs://ociautomltest-vcm/41993393.jpg,Domestic Short Hair
gs://ociautomltest-vcm/41993384.jpg,Domestic Short Hair
gs://ociautomltest-vcm/41993388.jpg,Domestic Short Hair
gs://ociautomltest-vcm/41993405.jpg,Domestic Short Hair
gs://ociautomltest-vcm/41985516.jpg,Domestic Short Hair
gs://ociautomltest-vcm/41971624.jpg,Domestic Short Hair
gs://ociautomltest-vcm/41958861.jpg,Domestic Short Hair
gs://ociautomltest-vcm/41948132.jpg,Domestic Short Hair
gs://ociautomltest-vcm/41930687.jpg,Domestic Long Hair
gs://ociautomltest-vcm/41922198.jpg,Domestic Short Hair
gs://ociautomltest-vcm/41922197.jpg,Domestic Short Hair
gs://ociautomltest-vcm/41909034.jpg,Domestic Short Hair
gs://ociautomltest-vcm/41895417.jpg,Domestic Short Hair
gs://ociautomltest-vcm/41833555.jpg,Domestic Short Hair
gs://ociautomltest-vcm/41833554.jpg,Domestic Short Hair
gs://ociautomltest-vcm/41833556.jpg,Domestic Short Hair
gs://ociautomltest-vcm/41822627.jpg,Domestic Short Hair
gs://ociautomltest-vcm/41778734.jpg,Domestic Short Hair
gs://ociautomltest-vcm/41762243.jpg,Domestic Short Hair
gs://ociautomltest-vcm/41701734.jpg,Domestic Short Hair
gs://ociautomltest-vcm/41696415.jpg,Domestic Short Hair
gs://ociautomltest-vcm/41677402.jpg,Domestic Short Hair
gs://ociautomltest-vcm/41663176.jpg,Domestic Short Hair
gs://ociautomltest-vcm/41663170.jpg,Domestic Short Hair
gs://ociautomltest-vcm/41635850.jpg,Domestic Short Hair
gs://ociautomltest-vcm/41629884.jpg,Domestic Short Hair
gs://ociautomltest-vcm/41600815.jpg,Domestic Short Hair
gs://ociautomltest-vcm/41600816.jpg,Domestic Short Hair
gs://ociautomltest-vcm/41592312.jpg,Domestic Short Hair
gs://ociautomltest-vcm/41510023.jpg,Domestic Short Hair
gs://ociautomltest-vcm/42078814.jpg,Domestic Short Hair
gs://ociautomltest-vcm/42078813.jpg,Domestic Short Hair
gs://ociautomltest-vcm/42078812.jpg,Domestic Short Hair
gs://ociautomltest-vcm/42078811.jpg,Domestic Long Hair
gs://ociautomltest-vcm/42078810.jpg,Domestic Short Hair
gs://ociautomltest-vcm/42078809.jpg,Domestic Medium Hair
gs://ociautomltest-vcm/42029840.jpg,Domestic Long Hair
gs://ociautomltest-vcm/42029839.jpg,Siamese
gs://ociautomltest-vcm/42029837.jpg,Domestic Long Hair
gs://ociautomltest-vcm/42029833.jpg,Domestic Short Hair
gs://ociautomltest-vcm/42029838.jpg,Domestic Long Hair
gs://ociautomltest-vcm/42029836.jpg,Domestic Short Hair
gs://ociautomltest-vcm/42029837.jpg,Domestic Long Hair
gs://ociautomltest-vcm/42029834.jpg,Domestic Long Hair
gs://ociautomltest-vcm/42019903.jpg,Domestic Short Hair and Russian Blue Mix
gs://ociautomltest-vcm/42019902.jpg,Domestic Short Hair
gs://ociautomltest-vcm/42019901.jpg,Domestic Medium Hair
gs://ociautomltest-vcm/42004291.jpg,Domestic Short Hair
gs://ociautomltest-vcm/42004290.jpg,Domestic Long Hair
gs://ociautomltest-vcm/41999148.jpg,Domestic Short Hair
gs://ociautomltest-vcm/41999147.jpg,Domestic Short Hair
gs://ociautomltest-vcm/41977636.jpg,Domestic Short Hair
gs://ociautomltest-vcm/41948201.jpg,Domestic Long Hair and Maine Coon Mix
gs://ociautomltest-vcm/41948200.jpg,Domestic Medium Hair
gs://ociautomltest-vcm/41939721.jpg,Domestic Long Hair
gs://ociautomltest-vcm/41939723.jpg,Domestic Short Hair
gs://ociautomltest-vcm/41939722.jpg,Domestic Short Hair
gs://ociautomltest-vcm/41930745.jpg,Domestic Short Hair
gs://ociautomltest-vcm/41930746.jpg,Domestic Long Hair
gs://ociautomltest-vcm/41930750.jpg,Domestic Short Hair
gs://ociautomltest-vcm/41930747.jpg,Domestic Short Hair
gs://ociautomltest-vcm/41930749.jpg,Domestic Short Hair
gs://ociautomltest-vcm/41930748.jpg,Domestic Short Hair
gs://ociautomltest-vcm/41922240.jpg,Domestic Short Hair
gs://ociautomltest-vcm/41922239.jpg,Domestic Long Hair
gs://ociautomltest-vcm/41922238.jpg,Domestic Long Hair
gs://ociautomltest-vcm/41909091.jpg,Domestic Medium Hair
gs://ociautomltest-vcm/41909090.jpg,Domestic Long Hair
gs://ociautomltest-vcm/41872353.jpg,Domestic Short Hair Mix
gs://ociautomltest-vcm/41868898.jpg,Domestic Short Hair
gs://ociautomltest-vcm/41865226.jpg,Domestic Long Hair
gs://ociautomltest-vcm/41865225.jpg,Domestic Long Hair
gs://ociautomltest-vcm/41848735.jpg,Domestic Short Hair
gs://ociautomltest-vcm/41848734.jpg,Domestic Long Hair
gs://ociautomltest-vcm/41848736.jpg,Domestic Short Hair
gs://ociautomltest-vcm/41822670.jpg,Domestic Short Hair
gs://ociautomltest-vcm/41822672.jpg,Domestic Short Hair
gs://ociautomltest-vcm/41822667.jpg,Domestic Short Hair
gs://ociautomltest-vcm/41822668.jpg,Domestic Short Hair
gs://ociautomltest-vcm/41822670.jpg,Domestic Short Hair
gs://ociautomltest-vcm/41822666.jpg,Domestic Short Hair
gs://ociautomltest-vcm/41806910.jpg,Domestic Short Hair
gs://ociautomltest-vcm/41806907.jpg,Domestic Short Hair
gs://ociautomltest-vcm/41806906.jpg,Domestic Short Hair
gs://ociautomltest-vcm/41801848.jpg,Domestic Long Hair Mix
gs://ociautomltest-vcm/41801845.jpg,Domestic Long Hair Mix
gs://ociautomltest-vcm/41791660.jpg,Domestic Short Hair
gs://ociautomltest-vcm/41762266.jpg,Domestic Short Hair
gs://ociautomltest-vcm/41752582.jpg,Domestic Short Hair
gs://ociautomltest-vcm/41752581.jpg,Domestic Short Hair
gs://ociautomltest-vcm/41752580.jpg,Domestic Short Hair
gs://ociautomltest-vcm/41752579.jpg,Domestic Short Hair
gs://ociautomltest-vcm/41716021.jpg,Domestic Medium Hair
gs://ociautomltest-vcm/41672573.jpg,Domestic Short Hair
gs://ociautomltest-vcm/41672570.jpg,Domestic Medium Hair
gs://ociautomltest-vcm/41672572.jpg,Domestic Short Hair
gs://ociautomltest-vcm/41672568.jpg,Domestic Long Hair
gs://ociautomltest-vcm/41659308.jpg,Domestic Short Hair
gs://ociautomltest-vcm/41659303.jpg,Domestic Short Hair
gs://ociautomltest-vcm/41659302.jpg,Domestic Short Hair
gs://ociautomltest-vcm/41659306.jpg,Domestic Short Hair
gs://ociautomltest-vcm/41646105.jpg,Domestic Short Hair
gs://ociautomltest-vcm/41646104.jpg,Domestic Short Hair
gs://ociautomltest-vcm/41646101.jpg,Domestic Short Hair
gs://ociautomltest-vcm/41646100.jpg,Domestic Short Hair
gs://ociautomltest-vcm/41646099.jpg,Domestic Short Hair
gs://ociautomltest-vcm/41635874.jpg,Domestic Short Hair
gs://ociautomltest-vcm/41635873.jpg,Domestic Short Hair
gs://ociautomltest-vcm/41635871.jpg,Domestic Short Hair
gs://ociautomltest-vcm/41584896.jpg,Domestic Short Hair Mix
gs://ociautomltest-vcm/41584889.jpg,Domestic Short Hair Mix
gs://ociautomltest-vcm/41576775.jpg,Domestic Short Hair
gs://ociautomltest-vcm/41567063.jpg,Domestic Short Hair
gs://ociautomltest-vcm/41567069.jpg,Domestic Medium Hair
gs://ociautomltest-vcm/41567061.jpg,Domestic Short Hair
gs://ociautomltest-vcm/41567062.jpg,Domestic Short Hair
gs://ociautomltest-vcm/41567065.jpg,Domestic Short Hair
gs://ociautomltest-vcm/34789592.jpg,Domestic Short Hair
gs://ociautomltest-vcm/34789593.jpg,Domestic Short Hair
gs://ociautomltest-vcm/34789588.jpg,Domestic Short Hair
gs://ociautomltest-vcm/34789590.jpg,Domestic Long Hair
gs://ociautomltest-vcm/34789583.jpg,Domestic Long Hair
gs://ociautomltest-vcm/34789585.jpg,Domestic Short Hair
gs://ociautomltest-vcm/34789586.jpg,Domestic Short Hair
gs://ociautomltest-vcm/34616608.jpg,Domestic Short Hair
gs://ociautomltest-vcm/34540724.jpg,Domestic Short Hair Mix
gs://ociautomltest-vcm/34517892.jpg,Domestic Short Hair Mix
gs://ociautomltest-vcm/33954917.jpg,Domestic Short Hair Mix
gs://ociautomltest-vcm/33675961.jpg,Domestic Short Hair
gs://ociautomltest-vcm/33654300.jpg,Domestic Short Hair
gs://ociautomltest-vcm/33654301.jpg,Domestic Short Hair
gs://ociautomltest-vcm/33654295.jpg,Domestic Short Hair
gs://ociautomltest-vcm/33654296.jpg,Domestic Short Hair
gs://ociautomltest-vcm/33654297.jpg,Domestic Short Hair
gs://ociautomltest-vcm/33654290.jpg,Domestic Short Hair
gs://ociautomltest-vcm/33163902.jpg,Domestic Short Hair
gs://ociautomltest-vcm/33149223.jpg,Domestic Short Hair
gs://ociautomltest-vcm/33149224.jpg,Domestic Short Hair
gs://ociautomltest-vcm/33051225.jpg,Domestic Short Hair Mix
gs://ociautomltest-vcm/32715536.jpg,Domestic Short Hair
gs://ociautomltest-vcm/32632986.jpg,Domestic Short Hair
gs://ociautomltest-vcm/32377255.jpg,Domestic Short Hair
gs://ociautomltest-vcm/32377257.jpg,Domestic Short Hair and Calico Mix
gs://ociautomltest-vcm/32377246.jpg,Domestic Short Hair
gs://ociautomltest-vcm/32377243.jpg,Domestic Short Hair
gs://ociautomltest-vcm/32377239.jpg,Domestic Short Hair and Calico Mix
gs://ociautomltest-vcm/32376982.jpg,Domestic Short Hair
gs://ociautomltest-vcm/32165565.jpg,Domestic Short Hair
gs://ociautomltest-vcm/32165563.jpg,Domestic Short Hair
gs://ociautomltest-vcm/32165546.jpg,Domestic Short Hair
gs://ociautomltest-vcm/32096716.jpg,Domestic Short Hair
gs://ociautomltest-vcm/31886014.jpg,Domestic Short Hair
gs://ociautomltest-vcm/31834872.jpg,Domestic Short Hair Mix
gs://ociautomltest-vcm/31834867.jpg,Calico
gs://ociautomltest-vcm/31826672.jpg,Domestic Short Hair
gs://ociautomltest-vcm/31826666.jpg,Domestic Short Hair Mix
gs://ociautomltest-vcm/31826649.jpg,Domestic Short Hair
gs://ociautomltest-vcm/31826646.jpg,Domestic Long Hair and Maine Coon Mix
gs://ociautomltest-vcm/31826627.jpg,Domestic Short Hair
gs://ociautomltest-vcm/31826601.jpg,Domestic Short Hair and Calico Mix
gs://ociautomltest-vcm/31826585.jpg,Domestic Short Hair Mix
gs://ociautomltest-vcm/31826584.jpg,Domestic Short Hair
gs://ociautomltest-vcm/42092985.jpg,Domestic Short Hair
gs://ociautomltest-vcm/42086632.jpg,Domestic Short Hair
gs://ociautomltest-vcm/42068177.jpg,Domestic Short Hair
gs://ociautomltest-vcm/42068182.jpg,Domestic Short Hair
gs://ociautomltest-vcm/42068179.jpg,Domestic Medium Hair
gs://ociautomltest-vcm/42068185.jpg,Domestic Short Hair
gs://ociautomltest-vcm/42068181.jpg,Domestic Medium Hair
gs://ociautomltest-vcm/42068180.jpg,Domestic Medium Hair
gs://ociautomltest-vcm/42054198.jpg,Domestic Short Hair
gs://ociautomltest-vcm/42054201.jpg,Domestic Short Hair
gs://ociautomltest-vcm/42054204.jpg,Domestic Short Hair
gs://ociautomltest-vcm/42054199.jpg,Domestic Short Hair
gs://ociautomltest-vcm/42054200.jpg,Domestic Short Hair
gs://ociautomltest-vcm/42054202.jpg,Domestic Short Hair
gs://ociautomltest-vcm/42025057.jpg,Domestic Medium Hair
gs://ociautomltest-vcm/42016086.jpg,Domestic Short Hair
gs://ociautomltest-vcm/42016087.jpg,Domestic Short Hair
gs://ociautomltest-vcm/41989845.jpg,Domestic Short Hair
gs://ociautomltest-vcm/41965748.jpg,Domestic Short Hair
gs://ociautomltest-vcm/41965747.jpg,Domestic Short Hair
gs://ociautomltest-vcm/41965749.jpg,Domestic Short Hair
gs://ociautomltest-vcm/41965746.jpg,Domestic Short Hair
gs://ociautomltest-vcm/41965745.jpg,Domestic Short Hair
gs://ociautomltest-vcm/41949632.jpg,Domestic Short Hair Mix
gs://ociautomltest-vcm/41928816.jpg,Domestic Short Hair
gs://ociautomltest-vcm/41898623.jpg,Domestic Short Hair
gs://ociautomltest-vcm/41898626.jpg,Domestic Short Hair
gs://ociautomltest-vcm/41862952.jpg,Domestic Short Hair
gs://ociautomltest-vcm/41851031.jpg,Tabby and Domestic Short Hair Mix
gs://ociautomltest-vcm/41851020.jpg,Maine Coon and Domestic Medium Hair Mix
gs://ociautomltest-vcm/41844942.jpg,Domestic Short Hair
gs://ociautomltest-vcm/41844941.jpg,Domestic Short Hair
gs://ociautomltest-vcm/41788594.jpg,Domestic Short Hair
gs://ociautomltest-vcm/41719062.jpg,Domestic Short Hair
gs://ociautomltest-vcm/41694424.jpg,Domestic Medium Hair
gs://ociautomltest-vcm/41590313.jpg,Domestic Short Hair
gs://ociautomltest-vcm/41464085.jpg,Domestic Short Hair
gs://ociautomltest-vcm/41330952.jpg,Domestic Short Hair
gs://ociautomltest-vcm/41291667.jpg,Domestic Short Hair
gs://ociautomltest-vcm/37233123.jpg,Domestic Short Hair Mix
gs://ociautomltest-vcm/41898048.jpg,Tabby
gs://ociautomltest-vcm/41542883.jpg,Domestic Long Hair
gs://ociautomltest-vcm/41492627.jpg,Tabby
gs://ociautomltest-vcm/41492532.jpg,Domestic Short Hair
gs://ociautomltest-vcm/41492487.jpg,Siamese
gs://ociautomltest-vcm/41438860.jpg,Tortoiseshell
gs://ociautomltest-vcm/39756043.jpg,Domestic Short Hair
gs://ociautomltest-vcm/39237548.jpg,Domestic Short Hair Mix
gs://ociautomltest-vcm/39228012.jpg,Domestic Short Hair Mix
gs://ociautomltest-vcm/39227874.jpg,Domestic Short Hair Mix
gs://ociautomltest-vcm/41932943.jpg,Maine Coon and Domestic Long Hair Mix
gs://ociautomltest-vcm/41913383.jpg,Tabby Mix
gs://ociautomltest-vcm/41913125.jpg,Tuxedo
gs://ociautomltest-vcm/41786992.jpg,Domestic Short Hair and Tabby Mix
gs://ociautomltest-vcm/41780249.jpg,Siamese and Tabby Mix
gs://ociautomltest-vcm/41775383.jpg,Siamese and Tabby Mix
gs://ociautomltest-vcm/41656743.jpg,Calico
gs://ociautomltest-vcm/41656711.jpg,Tortoiseshell
gs://ociautomltest-vcm/41563213.jpg,Domestic Short Hair Mix
gs://ociautomltest-vcm/41563207.jpg,Domestic Short Hair Mix
gs://ociautomltest-vcm/41535519.jpg,Domestic Short Hair
gs://ociautomltest-vcm/41520661.jpg,Snowshoe and Siamese Mix
gs://ociautomltest-vcm/41468894.jpg,Tabby
gs://ociautomltest-vcm/41256667.jpg,Tabby
gs://ociautomltest-vcm/40876862.jpg,Torbie
gs://ociautomltest-vcm/40791828.jpg,Bobtail Mix
gs://ociautomltest-vcm/40735635.jpg,Domestic Short Hair Mix
gs://ociautomltest-vcm/40705331.jpg,American Shorthair
gs://ociautomltest-vcm/39915956.jpg,Maine Coon and Domestic Medium Hair Mix
gs://ociautomltest-vcm/39355785.jpg,Domestic Short Hair and Tuxedo Mix
gs://ociautomltest-vcm/39355767.jpg,Domestic Short Hair and Siamese Mix
gs://ociautomltest-vcm/38854935.jpg,Domestic Short Hair Mix
gs://ociautomltest-vcm/38806239.jpg,Domestic Short Hair Mix
gs://ociautomltest-vcm/38768716.jpg,Domestic Short Hair and Tabby Mix
gs://ociautomltest-vcm/38171260.jpg,Domestic Short Hair and Tabby Mix
gs://ociautomltest-vcm/38161465.jpg,Domestic Short Hair Mix
gs://ociautomltest-vcm/38120226.jpg,Domestic Short Hair and Tabby Mix
gs://ociautomltest-vcm/38058529.jpg,Domestic Short Hair and Tabby Mix
gs://ociautomltest-vcm/37728364.jpg,Domestic Short Hair and Tabby Mix
gs://ociautomltest-vcm/37623905.jpg,Russian Blue and Maine Coon Mix
gs://ociautomltest-vcm/37443180.jpg,Domestic Long Hair and Calico Mix
gs://ociautomltest-vcm/37435274.jpg,Domestic Short Hair Mix
gs://ociautomltest-vcm/37306738.jpg,Domestic Short Hair and Tabby Mix
gs://ociautomltest-vcm/37295331.jpg,Domestic Short Hair and Torbie Mix
gs://ociautomltest-vcm/37272270.jpg,Domestic Medium Hair
gs://ociautomltest-vcm/37168480.jpg,Tabby
gs://ociautomltest-vcm/37006907.jpg,Domestic Short Hair and Tabby Mix
gs://ociautomltest-vcm/36970023.jpg,Domestic Short Hair Mix
gs://ociautomltest-vcm/36863062.jpg,Domestic Medium Hair and Tuxedo Mix
gs://ociautomltest-vcm/36736992.jpg,Bombay
gs://ociautomltest-vcm/36091623.jpg,Domestic Short Hair and Tabby Mix
gs://ociautomltest-vcm/35879313.jpg,Domestic Short Hair Mix
gs://ociautomltest-vcm/35022539.jpg,Extra-Toes Cat  Hemingway Polydactyl and Tabby Mix
gs://ociautomltest-vcm/34601323.jpg,Domestic Short Hair and Tabby Mix
gs://ociautomltest-vcm/34243974.jpg,Domestic Short Hair Mix
gs://ociautomltest-vcm/33987085.jpg,Tiger and Tabby Mix
gs://ociautomltest-vcm/33987076.jpg,Tabby and Tiger Mix
gs://ociautomltest-vcm/33937847.jpg,Domestic Short Hair Mix
gs://ociautomltest-vcm/33937821.jpg,Domestic Short Hair Mix
gs://ociautomltest-vcm/31673876.jpg,Domestic Short Hair and Tabby Mix
gs://ociautomltest-vcm/31257277.jpg,Domestic Short Hair and Silver Mix
gs://ociautomltest-vcm/30541001.jpg,Domestic Short Hair and Tabby Mix
gs://ociautomltest-vcm/29624586.jpg,Domestic Short Hair Mix
gs://ociautomltest-vcm/29618945.jpg,Domestic Long Hair and Dilute Calico Mix
gs://ociautomltest-vcm/28718746.jpg,Domestic Medium Hair and Domestic Long Hair Mix
gs://ociautomltest-vcm/27819868.jpg,Domestic Short Hair Mix
gs://ociautomltest-vcm/27813977.jpg,Tuxedo and Domestic Short Hair Mix
gs://ociautomltest-vcm/27812304.jpg,Domestic Short Hair and Tabby Mix
gs://ociautomltest-vcm/27799091.jpg,Tabby and Domestic Short Hair Mix
gs://ociautomltest-vcm/19017649.jpg,Tabby Mix
gs://ociautomltest-vcm/37444022.jpg,Domestic Short Hair Mix
gs://ociautomltest-vcm/37444021.jpg,Torbie and Domestic Short Hair Mix
gs://ociautomltest-vcm/42067931.jpg,Domestic Short Hair
gs://ociautomltest-vcm/42067726.jpg,Domestic Medium Hair
gs://ociautomltest-vcm/42067715.jpg,Domestic Medium Hair
gs://ociautomltest-vcm/42067695.jpg,Tabby
gs://ociautomltest-vcm/41960248.jpg,Domestic Short Hair Mix
gs://ociautomltest-vcm/41960237.jpg,Domestic Short Hair Mix
gs://ociautomltest-vcm/41912067.jpg,Calico Mix
gs://ociautomltest-vcm/41912064.jpg,Domestic Short Hair Mix
gs://ociautomltest-vcm/41911956.jpg,Domestic Short Hair Mix
gs://ociautomltest-vcm/41870678.jpg,Tabby
gs://ociautomltest-vcm/41870673.jpg,Tabby
gs://ociautomltest-vcm/41870668.jpg,Tabby
gs://ociautomltest-vcm/41870655.jpg,Tabby
gs://ociautomltest-vcm/41807594.jpg,Domestic Short Hair Mix
gs://ociautomltest-vcm/41807545.jpg,Domestic Short Hair Mix
gs://ociautomltest-vcm/41804778.jpg,Domestic Short Hair and Russian Blue Mix
gs://ociautomltest-vcm/41804769.jpg,Domestic Short Hair and Russian Blue Mix
gs://ociautomltest-vcm/41804766.jpg,Domestic Short Hair and Russian Blue Mix
gs://ociautomltest-vcm/41804747.jpg,Domestic Medium Hair and Russian Blue Mix
gs://ociautomltest-vcm/41804681.jpg,Domestic Short Hair Mix
gs://ociautomltest-vcm/41804616.jpg,Domestic Short Hair Mix
gs://ociautomltest-vcm/41804604.jpg,Domestic Short Hair Mix
gs://ociautomltest-vcm/41804569.jpg,Calico and Domestic Short Hair Mix
gs://ociautomltest-vcm/41797131.jpg,Domestic Short Hair Mix
gs://ociautomltest-vcm/41585444.jpg,Domestic Short Hair Mix
gs://ociautomltest-vcm/40869117.jpg,Domestic Long Hair
gs://ociautomltest-vcm/39778826.jpg,Tabby and Domestic Short Hair Mix
gs://ociautomltest-vcm/41942124.jpg,Domestic Short Hair and Tabby Mix
gs://ociautomltest-vcm/41942615.jpg,Domestic Short Hair and Tabby Mix
gs://ociautomltest-vcm/41960516.jpg,Domestic Short Hair and Tabby Mix
gs://ociautomltest-vcm/41960502.jpg,Domestic Short Hair and Tabby Mix
gs://ociautomltest-vcm/41960458.jpg,Domestic Short Hair Mix
gs://ociautomltest-vcm/41960421.jpg,Dilute Calico and Tabby Mix
gs://ociautomltest-vcm/41960359.jpg,Domestic Short Hair and Tabby Mix
gs://ociautomltest-vcm/41960327.jpg,Domestic Short Hair and Tabby Mix
gs://ociautomltest-vcm/41942730.jpg,Domestic Short Hair and Tabby Mix
gs://ociautomltest-vcm/41942727.jpg,Domestic Long Hair Mix
gs://ociautomltest-vcm/41942722.jpg,Domestic Short Hair and Tabby Mix
gs://ociautomltest-vcm/41942713.jpg,Domestic Short Hair and Tabby Mix
gs://ociautomltest-vcm/41942710.jpg,Domestic Short Hair and Tabby Mix
gs://ociautomltest-vcm/41942702.jpg,Domestic Short Hair Mix
gs://ociautomltest-vcm/41942662.jpg,Domestic Short Hair and Tabby Mix
gs://ociautomltest-vcm/41942641.jpg,Tabby and Calico Mix
gs://ociautomltest-vcm/41942635.jpg,Domestic Short Hair Mix
gs://ociautomltest-vcm/41942629.jpg,Domestic Short Hair Mix
gs://ociautomltest-vcm/41942616.jpg,Domestic Short Hair Mix
gs://ociautomltest-vcm/41942601.jpg,Domestic Short Hair
gs://ociautomltest-vcm/41942592.jpg,Domestic Long Hair and Tortoiseshell Mix
gs://ociautomltest-vcm/41942079.jpg,Domestic Short Hair and Tabby Mix
gs://ociautomltest-vcm/41669847.jpg,Calico
gs://ociautomltest-vcm/41669834.jpg,Domestic Short Hair and Tabby Mix
gs://ociautomltest-vcm/41669825.jpg,Domestic Long Hair
gs://ociautomltest-vcm/41669795.jpg,Domestic Short Hair and Tabby Mix
gs://ociautomltest-vcm/41314292.jpg,Domestic Short Hair Mix
gs://ociautomltest-vcm/42090342.jpg,Domestic Medium Hair
gs://ociautomltest-vcm/42090340.jpg,Domestic Short Hair
gs://ociautomltest-vcm/42090338.jpg,Domestic Short Hair
gs://ociautomltest-vcm/42090339.jpg,Domestic Short Hair
gs://ociautomltest-vcm/42090341.jpg,Domestic Short Hair
gs://ociautomltest-vcm/42090344.jpg,Domestic Short Hair
gs://ociautomltest-vcm/42090346.jpg,Domestic Medium Hair
gs://ociautomltest-vcm/42090348.jpg,Domestic Short Hair
gs://ociautomltest-vcm/42090337.jpg,Domestic Short Hair
gs://ociautomltest-vcm/42090343.jpg,Domestic Long Hair
gs://ociautomltest-vcm/42090345.jpg,Domestic Short Hair
gs://ociautomltest-vcm/41903121.jpg,Domestic Short Hair
gs://ociautomltest-vcm/41849375.jpg,Domestic Short Hair
gs://ociautomltest-vcm/41786522.jpg,Domestic Short Hair
gs://ociautomltest-vcm/41767453.jpg,Domestic Short Hair
gs://ociautomltest-vcm/41727557.jpg,Domestic Short Hair
gs://ociautomltest-vcm/41561764.jpg,Domestic Short Hair
gs://ociautomltest-vcm/41545240.jpg,Domestic Medium Hair
gs://ociautomltest-vcm/41440944.jpg,Domestic Short Hair
gs://ociautomltest-vcm/40886463.jpg,Domestic Short Hair
gs://ociautomltest-vcm/42090068.jpg,Domestic Short Hair
gs://ociautomltest-vcm/42090067.jpg,Domestic Short Hair
gs://ociautomltest-vcm/42090069.jpg,Domestic Short Hair
gs://ociautomltest-vcm/42090064.jpg,Domestic Short Hair
gs://ociautomltest-vcm/42071334.jpg,Domestic Short Hair
gs://ociautomltest-vcm/42065033.jpg,Domestic Short Hair
gs://ociautomltest-vcm/42058725.jpg,Domestic Short Hair
gs://ociautomltest-vcm/41993823.jpg,Domestic Short Hair
gs://ociautomltest-vcm/41985908.jpg,Domestic Short Hair
gs://ociautomltest-vcm/41985912.jpg,Domestic Short Hair
gs://ociautomltest-vcm/41985919.jpg,Domestic Short Hair
gs://ociautomltest-vcm/41959131.jpg,Domestic Short Hair
gs://ociautomltest-vcm/41822967.jpg,Domestic Short Hair
gs://ociautomltest-vcm/41800161.jpg,Domestic Short Hair
gs://ociautomltest-vcm/42064165.jpg,Calico
gs://ociautomltest-vcm/42011685.jpg,Domestic Short Hair Mix
gs://ociautomltest-vcm/42011461.jpg,Domestic Short Hair
gs://ociautomltest-vcm/41812349.jpg,Domestic Short Hair Mix
gs://ociautomltest-vcm/41812332.jpg,Domestic Short Hair Mix
gs://ociautomltest-vcm/41613015.jpg,Domestic Short Hair
gs://ociautomltest-vcm/41612988.jpg,Domestic Short Hair
gs://ociautomltest-vcm/41485925.jpg,Domestic Short Hair
gs://ociautomltest-vcm/42066832.jpg,Domestic Short Hair Mix
gs://ociautomltest-vcm/42066828.jpg,Domestic Short Hair Mix
gs://ociautomltest-vcm/42066827.jpg,Bobtail
gs://ociautomltest-vcm/42066826.jpg,Domestic Short Hair Mix
gs://ociautomltest-vcm/42066824.jpg,Domestic Short Hair Mix
gs://ociautomltest-vcm/42066822.jpg,Domestic Medium Hair Mix
gs://ociautomltest-vcm/42066819.jpg,Domestic Long Hair Mix
gs://ociautomltest-vcm/41125534.jpg,Domestic Short Hair Mix
gs://ociautomltest-vcm/40907604.jpg,Domestic Short Hair Mix
gs://ociautomltest-vcm/39914411.jpg,Ragdoll
gs://ociautomltest-vcm/39914134.jpg,Ragdoll
gs://ociautomltest-vcm/39008951.jpg,Domestic Short Hair
gs://ociautomltest-vcm/42075068.jpg,Dilute Tortoiseshell Mix
gs://ociautomltest-vcm/41943312.jpg,Domestic Short Hair
gs://ociautomltest-vcm/41943314.jpg,Domestic Short Hair
gs://ociautomltest-vcm/41867678.jpg,Tabby Mix
gs://ociautomltest-vcm/41867672.jpg,Calico Mix
gs://ociautomltest-vcm/41699769.jpg,Domestic Short Hair Mix
gs://ociautomltest-vcm/41391202.jpg,Tortoiseshell
gs://ociautomltest-vcm/40555699.jpg,Domestic Short Hair
gs://ociautomltest-vcm/39702118.jpg,Domestic Short Hair
gs://ociautomltest-vcm/38514529.jpg,Domestic Short Hair
gs://ociautomltest-vcm/38304457.jpg,Domestic Short Hair
gs://ociautomltest-vcm/38304437.jpg,Domestic Short Hair and Tortoiseshell Mix
gs://ociautomltest-vcm/38304445.jpg,Torbie
gs://ociautomltest-vcm/38304446.jpg,Domestic Short Hair
gs://ociautomltest-vcm/38097443.jpg,Domestic Short Hair
gs://ociautomltest-vcm/35636020.jpg,Domestic Short Hair and Tabby Mix
gs://ociautomltest-vcm/34734073.jpg,Domestic Short Hair Mix
gs://ociautomltest-vcm/34734068.jpg,Domestic Short Hair Mix
gs://ociautomltest-vcm/42086634.jpg,Domestic Short Hair
gs://ociautomltest-vcm/42068193.jpg,Domestic Long Hair
gs://ociautomltest-vcm/42062017.jpg,Domestic Medium Hair
gs://ociautomltest-vcm/42062019.jpg,Domestic Long Hair
gs://ociautomltest-vcm/42062016.jpg,Domestic Medium Hair
gs://ociautomltest-vcm/42035439.jpg,Domestic Short Hair
gs://ociautomltest-vcm/42035440.jpg,Domestic Short Hair
gs://ociautomltest-vcm/42012411.jpg,Domestic Medium Hair Mix
gs://ociautomltest-vcm/42002049.jpg,Snowshoe and Domestic Short Hair Mix
gs://ociautomltest-vcm/41996346.jpg,Domestic Short Hair
gs://ociautomltest-vcm/41996347.jpg,Domestic Short Hair
gs://ociautomltest-vcm/41965763.jpg,Domestic Short Hair
gs://ociautomltest-vcm/41929727.jpg,Tabby
gs://ociautomltest-vcm/41797374.jpg,Tabby
gs://ociautomltest-vcm/41358904.jpg,Tortoiseshell
gs://ociautomltest-vcm/40860482.jpg,Tabby
gs://ociautomltest-vcm/38844935.jpg,Domestic Short Hair
gs://ociautomltest-vcm/42092710.jpg,Domestic Short Hair Mix
gs://ociautomltest-vcm/42092711.jpg,Domestic Short Hair Mix
gs://ociautomltest-vcm/42086253.jpg,Domestic Medium Hair Mix
gs://ociautomltest-vcm/42086254.jpg,Domestic Short Hair Mix
gs://ociautomltest-vcm/42081429.jpg,Domestic Short Hair Mix
gs://ociautomltest-vcm/42081430.jpg,Domestic Short Hair Mix
gs://ociautomltest-vcm/42081431.jpg,Domestic Short Hair Mix
gs://ociautomltest-vcm/42081432.jpg,Domestic Short Hair Mix
gs://ociautomltest-vcm/42024592.jpg,Domestic Short Hair Mix
gs://ociautomltest-vcm/42024593.jpg,Domestic Short Hair Mix
gs://ociautomltest-vcm/42024594.jpg,Domestic Medium Hair Mix
gs://ociautomltest-vcm/42024595.jpg,Domestic Short Hair Mix
gs://ociautomltest-vcm/42007668.jpg,Domestic Short Hair
gs://ociautomltest-vcm/42001795.jpg,Domestic Short Hair Mix
gs://ociautomltest-vcm/42001796.jpg,Domestic Short Hair Mix
gs://ociautomltest-vcm/41989493.jpg,Domestic Short Hair Mix
gs://ociautomltest-vcm/41974099.jpg,Domestic Short Hair
gs://ociautomltest-vcm/41969783.jpg,Domestic Short Hair Mix
gs://ociautomltest-vcm/41969784.jpg,Domestic Short Hair Mix
gs://ociautomltest-vcm/41951792.jpg,Domestic Medium Hair Mix
gs://ociautomltest-vcm/41951794.jpg,Domestic Short Hair Mix
gs://ociautomltest-vcm/41951795.jpg,Domestic Short Hair Mix
gs://ociautomltest-vcm/41951796.jpg,Domestic Short Hair Mix
gs://ociautomltest-vcm/41951797.jpg,Domestic Short Hair Mix
gs://ociautomltest-vcm/41951798.jpg,Domestic Short Hair Mix
gs://ociautomltest-vcm/41951799.jpg,Domestic Short Hair Mix
gs://ociautomltest-vcm/41951801.jpg,Domestic Short Hair Mix
gs://ociautomltest-vcm/41951802.jpg,Domestic Short Hair Mix
gs://ociautomltest-vcm/41942872.jpg,Domestic Short Hair
gs://ociautomltest-vcm/41942873.jpg,Domestic Medium Hair
gs://ociautomltest-vcm/41942874.jpg,Domestic Short Hair
gs://ociautomltest-vcm/41919623.jpg,Domestic Short Hair Mix
gs://ociautomltest-vcm/41919624.jpg,Domestic Short Hair Mix
gs://ociautomltest-vcm/41919625.jpg,Domestic Short Hair Mix
gs://ociautomltest-vcm/41905975.jpg,Domestic Short Hair Mix
gs://ociautomltest-vcm/41890585.jpg,Domestic Short Hair Mix
gs://ociautomltest-vcm/41814300.jpg,Domestic Short Hair Mix
gs://ociautomltest-vcm/41814301.jpg,Domestic Short Hair Mix
gs://ociautomltest-vcm/41814298.jpg,Domestic Short Hair Mix
gs://ociautomltest-vcm/41814297.jpg,Domestic Short Hair Mix
gs://ociautomltest-vcm/41814295.jpg,Domestic Short Hair Mix
gs://ociautomltest-vcm/41814296.jpg,Domestic Medium Hair Mix
gs://ociautomltest-vcm/41814294.jpg,Domestic Short Hair Mix
gs://ociautomltest-vcm/41814292.jpg,Domestic Short Hair Mix
gs://ociautomltest-vcm/41802179.jpg,Domestic Medium Hair
gs://ociautomltest-vcm/41802177.jpg,Domestic Short Hair
gs://ociautomltest-vcm/41802176.jpg,Domestic Short Hair
gs://ociautomltest-vcm/41776296.jpg,Domestic Short Hair
gs://ociautomltest-vcm/41776297.jpg,Domestic Short Hair
gs://ociautomltest-vcm/41776295.jpg,Domestic Short Hair
gs://ociautomltest-vcm/41776290.jpg,Domestic Short Hair
gs://ociautomltest-vcm/41763434.jpg,Domestic Short Hair Mix
gs://ociautomltest-vcm/41734641.jpg,Domestic Short Hair
gs://ociautomltest-vcm/41699314.jpg,Domestic Short Hair Mix
gs://ociautomltest-vcm/41699315.jpg,Domestic Short Hair Mix
gs://ociautomltest-vcm/41699317.jpg,Domestic Short Hair Mix
gs://ociautomltest-vcm/41699318.jpg,Domestic Short Hair Mix
gs://ociautomltest-vcm/41699310.jpg,Domestic Short Hair
gs://ociautomltest-vcm/41690456.jpg,Domestic Short Hair
gs://ociautomltest-vcm/41690455.jpg,Domestic Short Hair
gs://ociautomltest-vcm/41690454.jpg,Domestic Short Hair
gs://ociautomltest-vcm/41661037.jpg,Domestic Medium Hair Mix
gs://ociautomltest-vcm/41657315.jpg,Domestic Short Hair
gs://ociautomltest-vcm/41638633.jpg,Domestic Medium Hair Mix
gs://ociautomltest-vcm/41627190.jpg,Domestic Short Hair
gs://ociautomltest-vcm/41595408.jpg,Domestic Short Hair Mix
gs://ociautomltest-vcm/41586829.jpg,Domestic Medium Hair
gs://ociautomltest-vcm/41586827.jpg,Domestic Long Hair
gs://ociautomltest-vcm/41543810.jpg,Domestic Short Hair Mix
gs://ociautomltest-vcm/41543809.jpg,Domestic Short Hair Mix
gs://ociautomltest-vcm/41520791.jpg,Domestic Medium Hair Mix
gs://ociautomltest-vcm/41495166.jpg,Domestic Short Hair Mix
gs://ociautomltest-vcm/41493276.jpg,Domestic Short Hair and Tuxedo Mix
gs://ociautomltest-vcm/41479828.jpg,Domestic Short Hair
gs://ociautomltest-vcm/41419554.jpg,Domestic Short Hair
gs://ociautomltest-vcm/41408186.jpg,Domestic Short Hair
gs://ociautomltest-vcm/41408184.jpg,Domestic Short Hair
gs://ociautomltest-vcm/41408183.jpg,Domestic Short Hair
gs://ociautomltest-vcm/41374729.jpg,Domestic Short Hair Mix
gs://ociautomltest-vcm/41345886.jpg,Domestic Short Hair
gs://ociautomltest-vcm/41345885.jpg,Domestic Long Hair Mix
gs://ociautomltest-vcm/41321171.jpg,Domestic Short Hair
gs://ociautomltest-vcm/41321172.jpg,Domestic Medium Hair
gs://ociautomltest-vcm/41321169.jpg,Domestic Medium Hair
gs://ociautomltest-vcm/41270772.jpg,Domestic Short Hair
gs://ociautomltest-vcm/41238276.jpg,Domestic Short Hair
gs://ociautomltest-vcm/41189597.jpg,Domestic Short Hair
gs://ociautomltest-vcm/41189590.jpg,Domestic Short Hair
gs://ociautomltest-vcm/41189591.jpg,Domestic Short Hair
gs://ociautomltest-vcm/41176778.jpg,Domestic Medium Hair
gs://ociautomltest-vcm/41176773.jpg,Domestic Medium Hair Mix
gs://ociautomltest-vcm/41168886.jpg,Domestic Short Hair Mix
gs://ociautomltest-vcm/41168883.jpg,Domestic Short Hair Mix
gs://ociautomltest-vcm/41062293.jpg,Domestic Short Hair
gs://ociautomltest-vcm/41018373.jpg,Domestic Short Hair Mix
gs://ociautomltest-vcm/40998840.jpg,Domestic Short Hair
gs://ociautomltest-vcm/40998841.jpg,Domestic Short Hair
gs://ociautomltest-vcm/40998842.jpg,Domestic Short Hair
gs://ociautomltest-vcm/40998852.jpg,Domestic Short Hair
gs://ociautomltest-vcm/40998873.jpg,Domestic Short Hair
