gs://ociautomltest-vcm/41500599.jpg,Puppy
gs://ociautomltest-vcm/41686297.jpg,Young
gs://ociautomltest-vcm/41629091.jpg,Adult
gs://ociautomltest-vcm/41629054.jpg,Adult
gs://ociautomltest-vcm/41585285.jpg,Adult
gs://ociautomltest-vcm/41585277.jpg,Adult
gs://ociautomltest-vcm/41585261.jpg,Adult
gs://ociautomltest-vcm/41585224.jpg,Adult
gs://ociautomltest-vcm/41584873.jpg,Adult
gs://ociautomltest-vcm/41584861.jpg,Adult
gs://ociautomltest-vcm/41584846.jpg,Adult
gs://ociautomltest-vcm/41584832.jpg,Adult
gs://ociautomltest-vcm/41584813.jpg,Adult
gs://ociautomltest-vcm/41584804.jpg,Adult
gs://ociautomltest-vcm/41584770.jpg,Adult
gs://ociautomltest-vcm/41584733.jpg,Adult
gs://ociautomltest-vcm/41584685.jpg,Adult
gs://ociautomltest-vcm/41584507.jpg,Adult
gs://ociautomltest-vcm/41584293.jpg,Adult
gs://ociautomltest-vcm/41584173.jpg,Adult
gs://ociautomltest-vcm/41131010.jpg,Adult
gs://ociautomltest-vcm/41130885.jpg,Young
gs://ociautomltest-vcm/41051280.jpg,Adult
gs://ociautomltest-vcm/41051216.jpg,Adult
gs://ociautomltest-vcm/41051162.jpg,Young
gs://ociautomltest-vcm/40843154.jpg,Adult
gs://ociautomltest-vcm/40813067.jpg,Adult
gs://ociautomltest-vcm/40813055.jpg,Adult
gs://ociautomltest-vcm/40592959.jpg,Adult
gs://ociautomltest-vcm/39841723.jpg,Young
gs://ociautomltest-vcm/39841580.jpg,Adult
gs://ociautomltest-vcm/39841557.jpg,Adult
gs://ociautomltest-vcm/39545120.jpg,Adult
gs://ociautomltest-vcm/39541791.jpg,Adult
gs://ociautomltest-vcm/39520347.jpg,Adult
gs://ociautomltest-vcm/42095186.jpg,Puppy
gs://ociautomltest-vcm/42095187.jpg,Puppy
gs://ociautomltest-vcm/42095184.jpg,Puppy
gs://ociautomltest-vcm/42095185.jpg,Puppy
gs://ociautomltest-vcm/42083753.jpg,Adult
gs://ociautomltest-vcm/42071075.jpg,Young
gs://ociautomltest-vcm/42071076.jpg,Young
gs://ociautomltest-vcm/42071074.jpg,Adult
gs://ociautomltest-vcm/42071073.jpg,Adult
gs://ociautomltest-vcm/42019765.jpg,Adult
gs://ociautomltest-vcm/41993332.jpg,Adult
gs://ociautomltest-vcm/41993335.jpg,Adult
gs://ociautomltest-vcm/41993331.jpg,Adult
gs://ociautomltest-vcm/41963804.jpg,Adult
gs://ociautomltest-vcm/41908962.jpg,Adult
gs://ociautomltest-vcm/41908963.jpg,Adult
gs://ociautomltest-vcm/41908964.jpg,Adult
gs://ociautomltest-vcm/41887317.jpg,Adult
gs://ociautomltest-vcm/41785882.jpg,Adult
gs://ociautomltest-vcm/41762205.jpg,Adult
gs://ociautomltest-vcm/41748635.jpg,Adult
gs://ociautomltest-vcm/41748636.jpg,Adult
gs://ociautomltest-vcm/41711223.jpg,Young
gs://ociautomltest-vcm/41672496.jpg,Adult
gs://ociautomltest-vcm/41672497.jpg,Adult
gs://ociautomltest-vcm/41642217.jpg,Adult
gs://ociautomltest-vcm/41615336.jpg,Adult
gs://ociautomltest-vcm/41565027.jpg,Adult
gs://ociautomltest-vcm/41481605.jpg,Adult
gs://ociautomltest-vcm/41472473.jpg,Adult
gs://ociautomltest-vcm/41385736.jpg,Adult
gs://ociautomltest-vcm/41318959.jpg,Young
gs://ociautomltest-vcm/41313336.jpg,Adult
gs://ociautomltest-vcm/41286403.jpg,Adult
gs://ociautomltest-vcm/41259473.jpg,Young
gs://ociautomltest-vcm/41207926.jpg,Young
gs://ociautomltest-vcm/41207925.jpg,Adult
gs://ociautomltest-vcm/41207923.jpg,Adult
gs://ociautomltest-vcm/41207921.jpg,Adult
gs://ociautomltest-vcm/41103851.jpg,Adult
gs://ociautomltest-vcm/41069774.jpg,Adult
gs://ociautomltest-vcm/40994341.jpg,Adult
gs://ociautomltest-vcm/40990533.jpg,Adult
gs://ociautomltest-vcm/40922035.jpg,Adult
gs://ociautomltest-vcm/40922038.jpg,Young
gs://ociautomltest-vcm/40922034.jpg,Adult
gs://ociautomltest-vcm/40922039.jpg,Adult
gs://ociautomltest-vcm/40848174.jpg,Adult
gs://ociautomltest-vcm/40816473.jpg,Adult
gs://ociautomltest-vcm/40622903.jpg,Young
gs://ociautomltest-vcm/40610276.jpg,Senior
gs://ociautomltest-vcm/40610274.jpg,Adult
gs://ociautomltest-vcm/40521848.jpg,Adult
gs://ociautomltest-vcm/40521853.jpg,Adult
gs://ociautomltest-vcm/40498182.jpg,Adult
gs://ociautomltest-vcm/40496004.jpg,Adult
gs://ociautomltest-vcm/40105069.jpg,Adult
gs://ociautomltest-vcm/39973995.jpg,Adult
gs://ociautomltest-vcm/39835052.jpg,Young
gs://ociautomltest-vcm/39784377.jpg,Adult
gs://ociautomltest-vcm/39763633.jpg,Adult
gs://ociautomltest-vcm/39075312.jpg,Young
gs://ociautomltest-vcm/39010422.jpg,Adult
gs://ociautomltest-vcm/38424586.jpg,Young
gs://ociautomltest-vcm/38030384.jpg,Adult
gs://ociautomltest-vcm/37725064.jpg,Adult
gs://ociautomltest-vcm/34906918.jpg,Adult
gs://ociautomltest-vcm/34856832.jpg,Adult
gs://ociautomltest-vcm/34676142.jpg,Adult
gs://ociautomltest-vcm/34600840.jpg,Adult
gs://ociautomltest-vcm/34414367.jpg,Adult
gs://ociautomltest-vcm/34273646.jpg,Adult
gs://ociautomltest-vcm/33066898.jpg,Senior
gs://ociautomltest-vcm/33066903.jpg,Adult
gs://ociautomltest-vcm/42093889.jpg,Young
gs://ociautomltest-vcm/42093888.jpg,Young
gs://ociautomltest-vcm/42093887.jpg,Young
gs://ociautomltest-vcm/42087879.jpg,Young
gs://ociautomltest-vcm/42087874.jpg,Adult
gs://ociautomltest-vcm/42087878.jpg,Young
gs://ociautomltest-vcm/42087875.jpg,Young
gs://ociautomltest-vcm/42087873.jpg,Young
gs://ociautomltest-vcm/42082599.jpg,Young
gs://ociautomltest-vcm/42076388.jpg,Young
gs://ociautomltest-vcm/42076382.jpg,Young
gs://ociautomltest-vcm/42076378.jpg,Adult
gs://ociautomltest-vcm/42076384.jpg,Young
gs://ociautomltest-vcm/42076389.jpg,Young
gs://ociautomltest-vcm/42076387.jpg,Young
gs://ociautomltest-vcm/42063125.jpg,Young
gs://ociautomltest-vcm/42063122.jpg,Young
gs://ociautomltest-vcm/42063126.jpg,Puppy
gs://ociautomltest-vcm/42063121.jpg,Young
gs://ociautomltest-vcm/42055986.jpg,Young
gs://ociautomltest-vcm/42055983.jpg,Young
gs://ociautomltest-vcm/42055991.jpg,Young
gs://ociautomltest-vcm/42026888.jpg,Adult
gs://ociautomltest-vcm/42026900.jpg,Young
gs://ociautomltest-vcm/42017791.jpg,Young
gs://ociautomltest-vcm/42017788.jpg,Young
gs://ociautomltest-vcm/42017785.jpg,Young
gs://ociautomltest-vcm/41991306.jpg,Young
gs://ociautomltest-vcm/41975786.jpg,Adult
gs://ociautomltest-vcm/41938852.jpg,Adult
gs://ociautomltest-vcm/41929578.jpg,Young
gs://ociautomltest-vcm/41915793.jpg,Young
gs://ociautomltest-vcm/41853322.jpg,Young
gs://ociautomltest-vcm/41607718.jpg,Young
gs://ociautomltest-vcm/41591142.jpg,Young
gs://ociautomltest-vcm/42092134.jpg,Puppy
gs://ociautomltest-vcm/42092110.jpg,Young
gs://ociautomltest-vcm/42084658.jpg,Adult
gs://ociautomltest-vcm/42084642.jpg,Young
gs://ociautomltest-vcm/42081697.jpg,Senior
gs://ociautomltest-vcm/42072713.jpg,Senior
gs://ociautomltest-vcm/42072689.jpg,Adult
gs://ociautomltest-vcm/42072663.jpg,Adult
gs://ociautomltest-vcm/42072612.jpg,Adult
gs://ociautomltest-vcm/42052343.jpg,Adult
gs://ociautomltest-vcm/42052103.jpg,Senior
gs://ociautomltest-vcm/41951095.jpg,Adult
gs://ociautomltest-vcm/41932330.jpg,Adult
gs://ociautomltest-vcm/41913759.jpg,Adult
gs://ociautomltest-vcm/41861938.jpg,Adult
gs://ociautomltest-vcm/41856886.jpg,Young
gs://ociautomltest-vcm/41856880.jpg,Adult
gs://ociautomltest-vcm/41856872.jpg,Puppy
gs://ociautomltest-vcm/41856868.jpg,Adult
gs://ociautomltest-vcm/41800956.jpg,Adult
gs://ociautomltest-vcm/41800918.jpg,Senior
gs://ociautomltest-vcm/41774574.jpg,Senior
gs://ociautomltest-vcm/41751121.jpg,Senior
gs://ociautomltest-vcm/41751078.jpg,Adult
gs://ociautomltest-vcm/41698375.jpg,Senior
gs://ociautomltest-vcm/41682102.jpg,Adult
gs://ociautomltest-vcm/41650599.jpg,Senior
gs://ociautomltest-vcm/41573191.jpg,Adult
gs://ociautomltest-vcm/41568354.jpg,Senior
gs://ociautomltest-vcm/41399786.jpg,Senior
gs://ociautomltest-vcm/41379531.jpg,Senior
gs://ociautomltest-vcm/41357140.jpg,Senior
gs://ociautomltest-vcm/41357047.jpg,Young
gs://ociautomltest-vcm/41344892.jpg,Adult
gs://ociautomltest-vcm/41293714.jpg,Senior
gs://ociautomltest-vcm/41164265.jpg,Adult
gs://ociautomltest-vcm/41142356.jpg,Young
gs://ociautomltest-vcm/40627057.jpg,Adult
gs://ociautomltest-vcm/39675651.jpg,Adult
gs://ociautomltest-vcm/37863649.jpg,Adult
gs://ociautomltest-vcm/37845949.jpg,Senior
gs://ociautomltest-vcm/37462443.jpg,Senior
gs://ociautomltest-vcm/42072382.jpg,Young
gs://ociautomltest-vcm/42031917.jpg,Adult
gs://ociautomltest-vcm/41913278.jpg,Puppy
gs://ociautomltest-vcm/41805963.jpg,Young
gs://ociautomltest-vcm/41805598.jpg,Puppy
gs://ociautomltest-vcm/41805564.jpg,Puppy
gs://ociautomltest-vcm/41741095.jpg,Adult
gs://ociautomltest-vcm/41609623.jpg,Young
gs://ociautomltest-vcm/41565693.jpg,Adult
gs://ociautomltest-vcm/41370786.jpg,Puppy
gs://ociautomltest-vcm/41311835.jpg,Young
gs://ociautomltest-vcm/38520574.jpg,Senior
gs://ociautomltest-vcm/35463232.jpg,Adult
gs://ociautomltest-vcm/41893609.jpg,Adult
gs://ociautomltest-vcm/41777612.jpg,Young
gs://ociautomltest-vcm/41777616.jpg,Senior
gs://ociautomltest-vcm/41777617.jpg,Senior
gs://ociautomltest-vcm/41777618.jpg,Adult
gs://ociautomltest-vcm/41777621.jpg,Adult
gs://ociautomltest-vcm/41158567.jpg,Adult
gs://ociautomltest-vcm/41158571.jpg,Puppy
gs://ociautomltest-vcm/41158576.jpg,Adult
gs://ociautomltest-vcm/39839331.jpg,Young
gs://ociautomltest-vcm/39836725.jpg,Young
gs://ociautomltest-vcm/39417254.jpg,Young
gs://ociautomltest-vcm/38600681.jpg,Adult
gs://ociautomltest-vcm/38434121.jpg,Young
gs://ociautomltest-vcm/38434123.jpg,Young
gs://ociautomltest-vcm/38434125.jpg,Adult
gs://ociautomltest-vcm/38434129.jpg,Young
gs://ociautomltest-vcm/42081102.jpg,Puppy
gs://ociautomltest-vcm/42089726.jpg,Young
gs://ociautomltest-vcm/42078736.jpg,Puppy
gs://ociautomltest-vcm/42078737.jpg,Puppy
gs://ociautomltest-vcm/42078734.jpg,Puppy
gs://ociautomltest-vcm/42078733.jpg,Young
gs://ociautomltest-vcm/42078735.jpg,Puppy
gs://ociautomltest-vcm/42078732.jpg,Young
gs://ociautomltest-vcm/42078741.jpg,Young
gs://ociautomltest-vcm/42078742.jpg,Young
gs://ociautomltest-vcm/42078740.jpg,Adult
gs://ociautomltest-vcm/42064743.jpg,Adult
gs://ociautomltest-vcm/42064740.jpg,Adult
gs://ociautomltest-vcm/42058234.jpg,Puppy
gs://ociautomltest-vcm/42058221.jpg,Senior
gs://ociautomltest-vcm/42058222.jpg,Adult
gs://ociautomltest-vcm/42058220.jpg,Young
gs://ociautomltest-vcm/42040199.jpg,Young
gs://ociautomltest-vcm/42040194.jpg,Young
gs://ociautomltest-vcm/42040190.jpg,Young
gs://ociautomltest-vcm/42029781.jpg,Adult
gs://ociautomltest-vcm/42029780.jpg,Adult
gs://ociautomltest-vcm/42029779.jpg,Young
gs://ociautomltest-vcm/42029768.jpg,Adult
gs://ociautomltest-vcm/42029773.jpg,Adult
gs://ociautomltest-vcm/42029777.jpg,Adult
gs://ociautomltest-vcm/42029770.jpg,Young
gs://ociautomltest-vcm/42029776.jpg,Young
gs://ociautomltest-vcm/42010652.jpg,Young
gs://ociautomltest-vcm/42004277.jpg,Young
gs://ociautomltest-vcm/41999073.jpg,Young
gs://ociautomltest-vcm/41999074.jpg,Young
gs://ociautomltest-vcm/41993418.jpg,Young
gs://ociautomltest-vcm/41993421.jpg,Senior
gs://ociautomltest-vcm/41993420.jpg,Adult
gs://ociautomltest-vcm/41948134.jpg,Young
gs://ociautomltest-vcm/41922206.jpg,Young
gs://ociautomltest-vcm/41902542.jpg,Young
gs://ociautomltest-vcm/41881287.jpg,Young
gs://ociautomltest-vcm/41865199.jpg,Adult
gs://ociautomltest-vcm/41860276.jpg,Young
gs://ociautomltest-vcm/41833553.jpg,Adult
gs://ociautomltest-vcm/41811006.jpg,Young
gs://ociautomltest-vcm/41642310.jpg,Young
gs://ociautomltest-vcm/42034503.jpg,Adult
gs://ociautomltest-vcm/42066689.jpg,Young
gs://ociautomltest-vcm/42066682.jpg,Adult
gs://ociautomltest-vcm/42066674.jpg,Adult
gs://ociautomltest-vcm/42066668.jpg,Puppy
gs://ociautomltest-vcm/41801841.jpg,Adult
gs://ociautomltest-vcm/41584874.jpg,Adult
gs://ociautomltest-vcm/42093914.jpg,Puppy
gs://ociautomltest-vcm/42093913.jpg,Adult
gs://ociautomltest-vcm/42082612.jpg,Puppy
gs://ociautomltest-vcm/42082613.jpg,Adult
gs://ociautomltest-vcm/42069476.jpg,Puppy
gs://ociautomltest-vcm/42069477.jpg,Adult
gs://ociautomltest-vcm/42069478.jpg,Adult
gs://ociautomltest-vcm/42047481.jpg,Adult
gs://ociautomltest-vcm/42047482.jpg,Puppy
gs://ociautomltest-vcm/42047483.jpg,Adult
gs://ociautomltest-vcm/42047484.jpg,Adult
gs://ociautomltest-vcm/42026985.jpg,Adult
gs://ociautomltest-vcm/42026982.jpg,Adult
gs://ociautomltest-vcm/42026983.jpg,Adult
gs://ociautomltest-vcm/42026984.jpg,Puppy
gs://ociautomltest-vcm/42003047.jpg,Adult
gs://ociautomltest-vcm/42003048.jpg,Puppy
gs://ociautomltest-vcm/42003049.jpg,Puppy
gs://ociautomltest-vcm/42003050.jpg,Puppy
gs://ociautomltest-vcm/42003051.jpg,Puppy
gs://ociautomltest-vcm/41983246.jpg,Adult
gs://ociautomltest-vcm/41953001.jpg,Adult
gs://ociautomltest-vcm/41935819.jpg,Adult
gs://ociautomltest-vcm/41900521.jpg,Adult
gs://ociautomltest-vcm/41893457.jpg,Adult
gs://ociautomltest-vcm/41893458.jpg,Adult
gs://ociautomltest-vcm/41893460.jpg,Puppy
gs://ociautomltest-vcm/41839163.jpg,Adult
gs://ociautomltest-vcm/41815700.jpg,Adult
gs://ociautomltest-vcm/41798983.jpg,Adult
gs://ociautomltest-vcm/41691521.jpg,Adult
gs://ociautomltest-vcm/41683169.jpg,Adult
gs://ociautomltest-vcm/41658275.jpg,Adult
gs://ociautomltest-vcm/41500218.jpg,Adult
gs://ociautomltest-vcm/41464569.jpg,Adult
gs://ociautomltest-vcm/41449605.jpg,Adult
gs://ociautomltest-vcm/41428090.jpg,Adult
gs://ociautomltest-vcm/41337713.jpg,Adult
gs://ociautomltest-vcm/41331557.jpg,Puppy
gs://ociautomltest-vcm/41303318.jpg,Adult
gs://ociautomltest-vcm/41292100.jpg,Adult
gs://ociautomltest-vcm/41280343.jpg,Adult
gs://ociautomltest-vcm/41248390.jpg,Adult
gs://ociautomltest-vcm/41018946.jpg,Adult
gs://ociautomltest-vcm/40933388.jpg,Adult
gs://ociautomltest-vcm/40613360.jpg,Adult
gs://ociautomltest-vcm/40124642.jpg,Adult
gs://ociautomltest-vcm/39951416.jpg,Puppy
gs://ociautomltest-vcm/39785637.jpg,Adult
gs://ociautomltest-vcm/38483472.jpg,Young
gs://ociautomltest-vcm/42092984.jpg,Adult
gs://ociautomltest-vcm/42092982.jpg,Adult
gs://ociautomltest-vcm/42092983.jpg,Young
gs://ociautomltest-vcm/42089765.jpg,Puppy
gs://ociautomltest-vcm/42089559.jpg,Adult
gs://ociautomltest-vcm/42086630.jpg,Young
gs://ociautomltest-vcm/42074510.jpg,Young
gs://ociautomltest-vcm/42068176.jpg,Young
gs://ociautomltest-vcm/42068178.jpg,Young
gs://ociautomltest-vcm/42068183.jpg,Young
gs://ociautomltest-vcm/42068184.jpg,Young
gs://ociautomltest-vcm/42062010.jpg,Adult
gs://ociautomltest-vcm/42054205.jpg,Young
gs://ociautomltest-vcm/42035430.jpg,Adult
gs://ociautomltest-vcm/42035432.jpg,Adult
gs://ociautomltest-vcm/42035434.jpg,Young
gs://ociautomltest-vcm/42035436.jpg,Young
gs://ociautomltest-vcm/42035431.jpg,Young
gs://ociautomltest-vcm/42025056.jpg,Adult
gs://ociautomltest-vcm/42025052.jpg,Adult
gs://ociautomltest-vcm/42025053.jpg,Adult
gs://ociautomltest-vcm/42002047.jpg,Young
gs://ociautomltest-vcm/42002046.jpg,Young
gs://ociautomltest-vcm/41989853.jpg,Young
gs://ociautomltest-vcm/41974389.jpg,Young
gs://ociautomltest-vcm/41956368.jpg,Young
gs://ociautomltest-vcm/41938196.jpg,Adult
gs://ociautomltest-vcm/41919877.jpg,Adult
gs://ociautomltest-vcm/41919875.jpg,Adult
gs://ociautomltest-vcm/41919874.jpg,Young
gs://ociautomltest-vcm/41898621.jpg,Adult
gs://ociautomltest-vcm/41898628.jpg,Adult
gs://ociautomltest-vcm/41898629.jpg,Young
gs://ociautomltest-vcm/41898625.jpg,Young
gs://ociautomltest-vcm/41898627.jpg,Young
gs://ociautomltest-vcm/41884527.jpg,Young
gs://ociautomltest-vcm/41884530.jpg,Senior
gs://ociautomltest-vcm/41884529.jpg,Young
gs://ociautomltest-vcm/41878483.jpg,Adult
gs://ociautomltest-vcm/41867472.jpg,Adult
gs://ociautomltest-vcm/41814599.jpg,Young
gs://ociautomltest-vcm/41799056.jpg,Adult
gs://ociautomltest-vcm/41776551.jpg,Young
gs://ociautomltest-vcm/41734832.jpg,Adult
gs://ociautomltest-vcm/41724697.jpg,Young
gs://ociautomltest-vcm/41713530.jpg,Adult
gs://ociautomltest-vcm/41713531.jpg,Young
gs://ociautomltest-vcm/41670194.jpg,Young
gs://ociautomltest-vcm/41670189.jpg,Adult
gs://ociautomltest-vcm/41670187.jpg,Young
gs://ociautomltest-vcm/41661203.jpg,Adult
gs://ociautomltest-vcm/41607169.jpg,Adult
gs://ociautomltest-vcm/41573668.jpg,Adult
gs://ociautomltest-vcm/41547997.jpg,Young
gs://ociautomltest-vcm/41485206.jpg,Young
gs://ociautomltest-vcm/41482610.jpg,Senior
gs://ociautomltest-vcm/41482605.jpg,Young
gs://ociautomltest-vcm/41479992.jpg,Young
gs://ociautomltest-vcm/41458991.jpg,Young
gs://ociautomltest-vcm/41446355.jpg,Adult
gs://ociautomltest-vcm/41435766.jpg,Young
gs://ociautomltest-vcm/41153170.jpg,Adult
gs://ociautomltest-vcm/41149237.jpg,Adult
gs://ociautomltest-vcm/41004294.jpg,Adult
gs://ociautomltest-vcm/41830734.jpg,Adult
gs://ociautomltest-vcm/41830327.jpg,Adult
gs://ociautomltest-vcm/42026851.jpg,Young
gs://ociautomltest-vcm/41232413.jpg,Adult
gs://ociautomltest-vcm/41989379.jpg,Adult
gs://ociautomltest-vcm/41837093.jpg,Young
gs://ociautomltest-vcm/41764436.jpg,Adult
gs://ociautomltest-vcm/41359195.jpg,Young
gs://ociautomltest-vcm/41359106.jpg,Young
gs://ociautomltest-vcm/41258172.jpg,Adult
gs://ociautomltest-vcm/39339043.jpg,Young
gs://ociautomltest-vcm/39339031.jpg,Young
gs://ociautomltest-vcm/38628413.jpg,Adult
gs://ociautomltest-vcm/37434514.jpg,Adult
gs://ociautomltest-vcm/37434507.jpg,Adult
gs://ociautomltest-vcm/42000574.jpg,Adult
gs://ociautomltest-vcm/41999816.jpg,Young
gs://ociautomltest-vcm/41425797.jpg,Adult
gs://ociautomltest-vcm/41973296.jpg,Puppy
gs://ociautomltest-vcm/41973128.jpg,Puppy
gs://ociautomltest-vcm/41973112.jpg,Puppy
gs://ociautomltest-vcm/41813783.jpg,Young
gs://ociautomltest-vcm/41813706.jpg,Puppy
gs://ociautomltest-vcm/41804906.jpg,Puppy
gs://ociautomltest-vcm/41800792.jpg,Adult
gs://ociautomltest-vcm/41511527.jpg,Puppy
gs://ociautomltest-vcm/41469654.jpg,Young
gs://ociautomltest-vcm/41329445.jpg,Adult
gs://ociautomltest-vcm/41257524.jpg,Puppy
gs://ociautomltest-vcm/41244359.jpg,Young
gs://ociautomltest-vcm/41133090.jpg,Puppy
gs://ociautomltest-vcm/41051535.jpg,Puppy
gs://ociautomltest-vcm/40936837.jpg,Young
gs://ociautomltest-vcm/40933623.jpg,Adult
gs://ociautomltest-vcm/40853790.jpg,Adult
gs://ociautomltest-vcm/40853474.jpg,Young
gs://ociautomltest-vcm/40827718.jpg,Young
gs://ociautomltest-vcm/40750802.jpg,Adult
gs://ociautomltest-vcm/40734123.jpg,Young
gs://ociautomltest-vcm/40710029.jpg,Young
gs://ociautomltest-vcm/39842916.jpg,Young
gs://ociautomltest-vcm/38990672.jpg,Young
gs://ociautomltest-vcm/38901966.jpg,Adult
gs://ociautomltest-vcm/38246151.jpg,Young
gs://ociautomltest-vcm/38094395.jpg,Young
gs://ociautomltest-vcm/35022957.jpg,Young
gs://ociautomltest-vcm/42096873.jpg,Adult
gs://ociautomltest-vcm/42096799.jpg,Senior
gs://ociautomltest-vcm/42096685.jpg,Adult
gs://ociautomltest-vcm/42087568.jpg,Puppy
gs://ociautomltest-vcm/42086747.jpg,Puppy
gs://ociautomltest-vcm/42086620.jpg,Puppy
gs://ociautomltest-vcm/42086281.jpg,Puppy
gs://ociautomltest-vcm/42086014.jpg,Puppy
gs://ociautomltest-vcm/42085748.jpg,Adult
gs://ociautomltest-vcm/41797494.jpg,Young
gs://ociautomltest-vcm/41636593.jpg,Young
gs://ociautomltest-vcm/41567804.jpg,Adult
gs://ociautomltest-vcm/41183869.jpg,Adult
gs://ociautomltest-vcm/41078212.jpg,Young
gs://ociautomltest-vcm/41055238.jpg,Senior
gs://ociautomltest-vcm/40099506.jpg,Senior
gs://ociautomltest-vcm/42090074.jpg,Young
gs://ociautomltest-vcm/42084023.jpg,Young
gs://ociautomltest-vcm/42058726.jpg,Adult
gs://ociautomltest-vcm/42030204.jpg,Adult
gs://ociautomltest-vcm/41968572.jpg,Adult
gs://ociautomltest-vcm/41968571.jpg,Young
gs://ociautomltest-vcm/41959135.jpg,Young
gs://ociautomltest-vcm/41754098.jpg,Young
gs://ociautomltest-vcm/41386479.jpg,Senior
gs://ociautomltest-vcm/13885283.jpg,Adult
gs://ociautomltest-vcm/42084719.jpg,Young
gs://ociautomltest-vcm/42084693.jpg,Young
gs://ociautomltest-vcm/42045037.jpg,Young
gs://ociautomltest-vcm/41837060.jpg,Puppy
gs://ociautomltest-vcm/41817403.jpg,Puppy
gs://ociautomltest-vcm/41817316.jpg,Young
gs://ociautomltest-vcm/41807856.jpg,Adult
gs://ociautomltest-vcm/41807721.jpg,Adult
gs://ociautomltest-vcm/41631592.jpg,Adult
gs://ociautomltest-vcm/41626821.jpg,Puppy
gs://ociautomltest-vcm/41479024.jpg,Young
gs://ociautomltest-vcm/41088393.jpg,Young
gs://ociautomltest-vcm/40966255.jpg,Young
gs://ociautomltest-vcm/40966248.jpg,Adult
gs://ociautomltest-vcm/40732209.jpg,Adult
gs://ociautomltest-vcm/39426237.jpg,Young
gs://ociautomltest-vcm/38968375.jpg,Young
gs://ociautomltest-vcm/41413724.jpg,Senior
gs://ociautomltest-vcm/39821104.jpg,Senior
gs://ociautomltest-vcm/39696150.jpg,Senior
gs://ociautomltest-vcm/42086898.jpg,Puppy
gs://ociautomltest-vcm/42086899.jpg,Young
gs://ociautomltest-vcm/42025518.jpg,Adult
gs://ociautomltest-vcm/42025519.jpg,Young
gs://ociautomltest-vcm/42002328.jpg,Puppy
gs://ociautomltest-vcm/42002329.jpg,Young
gs://ociautomltest-vcm/41982285.jpg,Young
gs://ociautomltest-vcm/41831004.jpg,Young
gs://ociautomltest-vcm/41699768.jpg,Adult
gs://ociautomltest-vcm/41690873.jpg,Young
gs://ociautomltest-vcm/41625877.jpg,Adult
gs://ociautomltest-vcm/41516113.jpg,Young
gs://ociautomltest-vcm/41464267.jpg,Young
gs://ociautomltest-vcm/41346242.jpg,Adult
gs://ociautomltest-vcm/41233047.jpg,Adult
gs://ociautomltest-vcm/41233048.jpg,Adult
gs://ociautomltest-vcm/41104503.jpg,Senior
gs://ociautomltest-vcm/41071662.jpg,Adult
gs://ociautomltest-vcm/40783994.jpg,Adult
gs://ociautomltest-vcm/42085038.jpg,Puppy
gs://ociautomltest-vcm/42085011.jpg,Puppy
gs://ociautomltest-vcm/42086635.jpg,Young
gs://ociautomltest-vcm/42074515.jpg,Adult
gs://ociautomltest-vcm/42072852.jpg,Senior
gs://ociautomltest-vcm/42053377.jpg,Young
gs://ociautomltest-vcm/42035443.jpg,Adult
gs://ociautomltest-vcm/42035447.jpg,Young
gs://ociautomltest-vcm/42012783.jpg,Adult
gs://ociautomltest-vcm/41997567.jpg,Puppy
gs://ociautomltest-vcm/41997494.jpg,Puppy
gs://ociautomltest-vcm/41669443.jpg,Adult
gs://ociautomltest-vcm/41525275.jpg,Adult
gs://ociautomltest-vcm/41484893.jpg,Adult
gs://ociautomltest-vcm/41457151.jpg,Young
gs://ociautomltest-vcm/41209499.jpg,Young
gs://ociautomltest-vcm/41084783.jpg,Young
gs://ociautomltest-vcm/40095531.jpg,Senior
gs://ociautomltest-vcm/40095505.jpg,Senior
gs://ociautomltest-vcm/39915963.jpg,Adult
gs://ociautomltest-vcm/41818199.jpg,Adult
gs://ociautomltest-vcm/41806975.jpg,Puppy
gs://ociautomltest-vcm/41772087.jpg,Young
gs://ociautomltest-vcm/41751617.jpg,Senior
gs://ociautomltest-vcm/41439293.jpg,Puppy
gs://ociautomltest-vcm/41334143.jpg,Adult
gs://ociautomltest-vcm/40570619.jpg,Adult
gs://ociautomltest-vcm/39566759.jpg,Adult
gs://ociautomltest-vcm/39289026.jpg,Adult
gs://ociautomltest-vcm/38497298.jpg,Young
gs://ociautomltest-vcm/38470616.jpg,Senior
gs://ociautomltest-vcm/37301960.jpg,Adult
gs://ociautomltest-vcm/16261994.jpg,Senior
gs://ociautomltest-vcm/41805268.jpg,Young
gs://ociautomltest-vcm/41805149.jpg,Young
gs://ociautomltest-vcm/41805099.jpg,Young
gs://ociautomltest-vcm/41688317.jpg,Young
gs://ociautomltest-vcm/41629648.jpg,Young
gs://ociautomltest-vcm/41612728.jpg,Puppy
gs://ociautomltest-vcm/41518848.jpg,Young
gs://ociautomltest-vcm/41518484.jpg,Young
gs://ociautomltest-vcm/41482970.jpg,Adult
gs://ociautomltest-vcm/41974793.jpg,Young
gs://ociautomltest-vcm/41773942.jpg,Adult
gs://ociautomltest-vcm/41315422.jpg,Adult
gs://ociautomltest-vcm/41123832.jpg,Adult
gs://ociautomltest-vcm/41079890.jpg,Senior
gs://ociautomltest-vcm/40711482.jpg,Senior
gs://ociautomltest-vcm/40610072.jpg,Senior
gs://ociautomltest-vcm/41835542.jpg,Puppy
gs://ociautomltest-vcm/41835481.jpg,Young
gs://ociautomltest-vcm/41467784.jpg,Adult
gs://ociautomltest-vcm/41467741.jpg,Adult
gs://ociautomltest-vcm/41801584.jpg,Adult
gs://ociautomltest-vcm/41801549.jpg,Puppy
gs://ociautomltest-vcm/41757191.jpg,Adult
gs://ociautomltest-vcm/41757189.jpg,Adult
gs://ociautomltest-vcm/41627730.jpg,Adult
gs://ociautomltest-vcm/41586288.jpg,Adult
gs://ociautomltest-vcm/41517441.jpg,Adult
gs://ociautomltest-vcm/41501664.jpg,Senior
gs://ociautomltest-vcm/41471966.jpg,Young
gs://ociautomltest-vcm/41471967.jpg,Puppy
gs://ociautomltest-vcm/41428603.jpg,Puppy
gs://ociautomltest-vcm/41274889.jpg,Young
gs://ociautomltest-vcm/41274891.jpg,Puppy
gs://ociautomltest-vcm/41222762.jpg,Adult
gs://ociautomltest-vcm/41012179.jpg,Young
gs://ociautomltest-vcm/40996551.jpg,Young
gs://ociautomltest-vcm/40994055.jpg,Young
gs://ociautomltest-vcm/40660893.jpg,Adult
gs://ociautomltest-vcm/40578469.jpg,Adult
gs://ociautomltest-vcm/40575835.jpg,Senior
gs://ociautomltest-vcm/40575836.jpg,Adult
gs://ociautomltest-vcm/40575842.jpg,Adult
gs://ociautomltest-vcm/40575843.jpg,Adult
gs://ociautomltest-vcm/40575845.jpg,Senior
gs://ociautomltest-vcm/40575846.jpg,Adult
gs://ociautomltest-vcm/40575847.jpg,Senior
gs://ociautomltest-vcm/39726359.jpg,Adult
gs://ociautomltest-vcm/38309677.jpg,Adult
gs://ociautomltest-vcm/38309678.jpg,Adult
gs://ociautomltest-vcm/38309679.jpg,Adult
gs://ociautomltest-vcm/38309680.jpg,Adult
gs://ociautomltest-vcm/38309682.jpg,Adult
gs://ociautomltest-vcm/38309691.jpg,Adult
gs://ociautomltest-vcm/38309696.jpg,Adult
gs://ociautomltest-vcm/37463168.jpg,Senior
gs://ociautomltest-vcm/36191251.jpg,Adult
gs://ociautomltest-vcm/35525608.jpg,Adult
gs://ociautomltest-vcm/35169233.jpg,Adult
gs://ociautomltest-vcm/32505113.jpg,Adult
gs://ociautomltest-vcm/31443812.jpg,Adult
gs://ociautomltest-vcm/24197217.jpg,Adult
gs://ociautomltest-vcm/42066672.jpg,Puppy
gs://ociautomltest-vcm/42066654.jpg,Puppy
gs://ociautomltest-vcm/41754868.jpg,Puppy
gs://ociautomltest-vcm/41754828.jpg,Puppy
gs://ociautomltest-vcm/41694928.jpg,Adult
gs://ociautomltest-vcm/41493336.jpg,Young
gs://ociautomltest-vcm/41384260.jpg,Young
gs://ociautomltest-vcm/41301360.jpg,Young
gs://ociautomltest-vcm/41301332.jpg,Young
gs://ociautomltest-vcm/41208953.jpg,Young
gs://ociautomltest-vcm/40810214.jpg,Adult
gs://ociautomltest-vcm/40020125.jpg,Adult
gs://ociautomltest-vcm/37670919.jpg,Adult
gs://ociautomltest-vcm/35201368.jpg,Puppy
gs://ociautomltest-vcm/29432031.jpg,Young
gs://ociautomltest-vcm/24491733.jpg,Adult
gs://ociautomltest-vcm/42095276.jpg,Young
gs://ociautomltest-vcm/42090440.jpg,Young
gs://ociautomltest-vcm/42090441.jpg,Senior
gs://ociautomltest-vcm/42090442.jpg,Adult
gs://ociautomltest-vcm/42041949.jpg,Adult
gs://ociautomltest-vcm/42041954.jpg,Adult
gs://ociautomltest-vcm/41986928.jpg,Adult
gs://ociautomltest-vcm/41978797.jpg,Young
gs://ociautomltest-vcm/41978802.jpg,Young
gs://ociautomltest-vcm/41978803.jpg,Young
gs://ociautomltest-vcm/41911639.jpg,Adult
gs://ociautomltest-vcm/41911637.jpg,Adult
gs://ociautomltest-vcm/41811719.jpg,Young
gs://ociautomltest-vcm/41575623.jpg,Young
gs://ociautomltest-vcm/41575547.jpg,Senior
gs://ociautomltest-vcm/41484147.jpg,Young
gs://ociautomltest-vcm/41221405.jpg,Adult
gs://ociautomltest-vcm/41121944.jpg,Young
gs://ociautomltest-vcm/41115336.jpg,Young
gs://ociautomltest-vcm/41100218.jpg,Young
gs://ociautomltest-vcm/40825313.jpg,Adult
gs://ociautomltest-vcm/39912747.jpg,Adult
gs://ociautomltest-vcm/39902737.jpg,Adult
gs://ociautomltest-vcm/39381335.jpg,Adult
gs://ociautomltest-vcm/38145799.jpg,Adult
gs://ociautomltest-vcm/36979072.jpg,Senior
gs://ociautomltest-vcm/29488817.jpg,Adult
gs://ociautomltest-vcm/42094564.jpg,Adult
gs://ociautomltest-vcm/42094182.jpg,Adult
gs://ociautomltest-vcm/42089646.jpg,Young
gs://ociautomltest-vcm/42084744.jpg,Young
gs://ociautomltest-vcm/42078644.jpg,Young
gs://ociautomltest-vcm/42058093.jpg,Adult
gs://ociautomltest-vcm/42040095.jpg,Adult
gs://ociautomltest-vcm/42040093.jpg,Young
gs://ociautomltest-vcm/41999019.jpg,Young
gs://ociautomltest-vcm/41993281.jpg,Adult
gs://ociautomltest-vcm/41972827.jpg,Adult
gs://ociautomltest-vcm/41958796.jpg,Young
gs://ociautomltest-vcm/41833439.jpg,Adult
gs://ociautomltest-vcm/41813812.jpg,Young
gs://ociautomltest-vcm/41793488.jpg,Senior
gs://ociautomltest-vcm/28749155.jpg,Young
gs://ociautomltest-vcm/42034636.jpg,Adult
gs://ociautomltest-vcm/42034619.jpg,Adult
gs://ociautomltest-vcm/42034556.jpg,Adult
gs://ociautomltest-vcm/42034541.jpg,Adult
gs://ociautomltest-vcm/42034525.jpg,Young
gs://ociautomltest-vcm/42034506.jpg,Puppy
gs://ociautomltest-vcm/42034478.jpg,Adult
gs://ociautomltest-vcm/42034457.jpg,Adult
gs://ociautomltest-vcm/41842852.jpg,Puppy
gs://ociautomltest-vcm/41836630.jpg,Senior
gs://ociautomltest-vcm/41836590.jpg,Young
gs://ociautomltest-vcm/41836580.jpg,Puppy
gs://ociautomltest-vcm/41836409.jpg,Puppy
gs://ociautomltest-vcm/41836393.jpg,Adult
gs://ociautomltest-vcm/41273177.jpg,Adult
gs://ociautomltest-vcm/41273142.jpg,Adult
gs://ociautomltest-vcm/41819266.jpg,Adult
gs://ociautomltest-vcm/41802343.jpg,Young
gs://ociautomltest-vcm/41741579.jpg,Adult
gs://ociautomltest-vcm/41682939.jpg,Senior
gs://ociautomltest-vcm/41607279.jpg,Adult
gs://ociautomltest-vcm/41607280.jpg,Senior
gs://ociautomltest-vcm/41299684.jpg,Young
gs://ociautomltest-vcm/41068528.jpg,Senior
gs://ociautomltest-vcm/40777917.jpg,Puppy
gs://ociautomltest-vcm/40552013.jpg,Adult
gs://ociautomltest-vcm/40545450.jpg,Adult
gs://ociautomltest-vcm/40544989.jpg,Young
gs://ociautomltest-vcm/39862384.jpg,Adult
gs://ociautomltest-vcm/38460733.jpg,Adult
gs://ociautomltest-vcm/38448027.jpg,Adult
gs://ociautomltest-vcm/38448038.jpg,Adult
gs://ociautomltest-vcm/38448043.jpg,Adult
gs://ociautomltest-vcm/38448044.jpg,Adult
gs://ociautomltest-vcm/38448049.jpg,Senior
gs://ociautomltest-vcm/38448023.jpg,Adult
gs://ociautomltest-vcm/36575900.jpg,Adult
gs://ociautomltest-vcm/35626089.jpg,Senior
gs://ociautomltest-vcm/35462023.jpg,Adult
gs://ociautomltest-vcm/34917564.jpg,Adult
gs://ociautomltest-vcm/32868901.jpg,Adult
gs://ociautomltest-vcm/42003217.jpg,Senior
gs://ociautomltest-vcm/42003134.jpg,Adult
gs://ociautomltest-vcm/42002836.jpg,Adult
gs://ociautomltest-vcm/41995745.jpg,Young
gs://ociautomltest-vcm/41016366.jpg,Adult
gs://ociautomltest-vcm/34752632.jpg,Adult
gs://ociautomltest-vcm/34611068.jpg,Adult
gs://ociautomltest-vcm/33818536.jpg,Young
gs://ociautomltest-vcm/31706474.jpg,Adult
gs://ociautomltest-vcm/31706335.jpg,Young
gs://ociautomltest-vcm/25076650.jpg,Adult
gs://ociautomltest-vcm/23985701.jpg,Adult
gs://ociautomltest-vcm/12462028.jpg,Adult
gs://ociautomltest-vcm/9830491.jpg,Adult
gs://ociautomltest-vcm/9830509.jpg,Senior
gs://ociautomltest-vcm/42096791.jpg,Adult
gs://ociautomltest-vcm/42096782.jpg,Young
gs://ociautomltest-vcm/42096772.jpg,Puppy
gs://ociautomltest-vcm/42096755.jpg,Puppy
gs://ociautomltest-vcm/42096713.jpg,Adult
gs://ociautomltest-vcm/42096683.jpg,Adult
gs://ociautomltest-vcm/41637376.jpg,Young
gs://ociautomltest-vcm/41612303.jpg,Adult
gs://ociautomltest-vcm/41974763.jpg,Young
gs://ociautomltest-vcm/41974768.jpg,Puppy
gs://ociautomltest-vcm/41952310.jpg,Puppy
gs://ociautomltest-vcm/41724944.jpg,Adult
gs://ociautomltest-vcm/41394338.jpg,Adult
gs://ociautomltest-vcm/41394342.jpg,Young
gs://ociautomltest-vcm/41377744.jpg,Adult
gs://ociautomltest-vcm/41377741.jpg,Young
gs://ociautomltest-vcm/41377748.jpg,Young
gs://ociautomltest-vcm/41377742.jpg,Adult
gs://ociautomltest-vcm/41375070.jpg,Puppy
gs://ociautomltest-vcm/41339933.jpg,Adult
gs://ociautomltest-vcm/41190959.jpg,Young
gs://ociautomltest-vcm/41190953.jpg,Puppy
gs://ociautomltest-vcm/41190960.jpg,Young
gs://ociautomltest-vcm/40873047.jpg,Young
gs://ociautomltest-vcm/40873048.jpg,Adult
gs://ociautomltest-vcm/39928699.jpg,Adult
gs://ociautomltest-vcm/39837963.jpg,Adult
gs://ociautomltest-vcm/39677978.jpg,Young
gs://ociautomltest-vcm/39447096.jpg,Adult
gs://ociautomltest-vcm/39447098.jpg,Young
gs://ociautomltest-vcm/39447102.jpg,Young
gs://ociautomltest-vcm/39447119.jpg,Young
gs://ociautomltest-vcm/39447092.jpg,Young
gs://ociautomltest-vcm/26771939.jpg,Senior
gs://ociautomltest-vcm/37451740.jpg,Adult
gs://ociautomltest-vcm/42096722.jpg,Young
gs://ociautomltest-vcm/42096714.jpg,Puppy
gs://ociautomltest-vcm/42096700.jpg,Puppy
gs://ociautomltest-vcm/42096694.jpg,Puppy
gs://ociautomltest-vcm/42096691.jpg,Adult
gs://ociautomltest-vcm/42096684.jpg,Puppy
gs://ociautomltest-vcm/42096679.jpg,Puppy
gs://ociautomltest-vcm/42096671.jpg,Adult
gs://ociautomltest-vcm/42095285.jpg,Young
gs://ociautomltest-vcm/42095269.jpg,Puppy
gs://ociautomltest-vcm/42095213.jpg,Puppy
gs://ociautomltest-vcm/42095103.jpg,Young
gs://ociautomltest-vcm/42095070.jpg,Young
gs://ociautomltest-vcm/41913674.jpg,Adult
gs://ociautomltest-vcm/41913664.jpg,Adult
gs://ociautomltest-vcm/41877319.jpg,Young
gs://ociautomltest-vcm/41877275.jpg,Puppy
gs://ociautomltest-vcm/41877260.jpg,Puppy
gs://ociautomltest-vcm/41877252.jpg,Young
gs://ociautomltest-vcm/41877236.jpg,Young
gs://ociautomltest-vcm/41131044.jpg,Adult
gs://ociautomltest-vcm/40676244.jpg,Adult
gs://ociautomltest-vcm/39810757.jpg,Adult
gs://ociautomltest-vcm/34570869.jpg,Adult
gs://ociautomltest-vcm/34247750.jpg,Adult
gs://ociautomltest-vcm/34247513.jpg,Adult
gs://ociautomltest-vcm/41745965.jpg,Adult
gs://ociautomltest-vcm/41745959.jpg,Adult
gs://ociautomltest-vcm/41228178.jpg,Adult
gs://ociautomltest-vcm/41625625.jpg,Puppy
gs://ociautomltest-vcm/37006748.jpg,Adult
gs://ociautomltest-vcm/37006667.jpg,Adult
gs://ociautomltest-vcm/34787259.jpg,Adult
gs://ociautomltest-vcm/34621948.jpg,Adult
gs://ociautomltest-vcm/34621947.jpg,Adult
gs://ociautomltest-vcm/42032617.jpg,Puppy
gs://ociautomltest-vcm/42032579.jpg,Adult
gs://ociautomltest-vcm/41844597.jpg,Young
gs://ociautomltest-vcm/41626402.jpg,Adult
gs://ociautomltest-vcm/41626243.jpg,Adult
gs://ociautomltest-vcm/41345522.jpg,Adult
gs://ociautomltest-vcm/41288461.jpg,Young
gs://ociautomltest-vcm/41103290.jpg,Adult
gs://ociautomltest-vcm/42023203.jpg,Young
gs://ociautomltest-vcm/42023316.jpg,Puppy
gs://ociautomltest-vcm/42023133.jpg,Young
gs://ociautomltest-vcm/42022726.jpg,Adult
gs://ociautomltest-vcm/41870612.jpg,Puppy
gs://ociautomltest-vcm/41870579.jpg,Young
gs://ociautomltest-vcm/41648617.jpg,Adult
gs://ociautomltest-vcm/41629016.jpg,Puppy
gs://ociautomltest-vcm/41628520.jpg,Puppy
gs://ociautomltest-vcm/41605940.jpg,Young
gs://ociautomltest-vcm/41320339.jpg,Young
gs://ociautomltest-vcm/41135080.jpg,Young
gs://ociautomltest-vcm/41135073.jpg,Young
gs://ociautomltest-vcm/39601289.jpg,Adult
gs://ociautomltest-vcm/41316451.jpg,Senior
gs://ociautomltest-vcm/39306290.jpg,Young
gs://ociautomltest-vcm/39306271.jpg,Adult
gs://ociautomltest-vcm/39306240.jpg,Young
gs://ociautomltest-vcm/42013348.jpg,Adult
gs://ociautomltest-vcm/41925256.jpg,Adult
gs://ociautomltest-vcm/41753131.jpg,Young
gs://ociautomltest-vcm/41698644.jpg,Adult
gs://ociautomltest-vcm/22424618.jpg,Adult
gs://ociautomltest-vcm/42090274.jpg,Senior
gs://ociautomltest-vcm/37214586.jpg,Young
gs://ociautomltest-vcm/41457870.jpg,Adult
gs://ociautomltest-vcm/41452568.jpg,Adult
gs://ociautomltest-vcm/41452420.jpg,Puppy
gs://ociautomltest-vcm/41428865.jpg,Puppy
gs://ociautomltest-vcm/41428514.jpg,Puppy
gs://ociautomltest-vcm/41247447.jpg,Adult
gs://ociautomltest-vcm/41099515.jpg,Adult
gs://ociautomltest-vcm/39674547.jpg,Adult
gs://ociautomltest-vcm/40190924.jpg,Senior
gs://ociautomltest-vcm/40190486.jpg,Senior
gs://ociautomltest-vcm/37116402.jpg,Young
gs://ociautomltest-vcm/36873458.jpg,Adult
gs://ociautomltest-vcm/42046256.jpg,Puppy
gs://ociautomltest-vcm/42046143.jpg,Puppy
gs://ociautomltest-vcm/42045977.jpg,Puppy
gs://ociautomltest-vcm/42045891.jpg,Puppy
gs://ociautomltest-vcm/42034667.jpg,Young
gs://ociautomltest-vcm/42000569.jpg,Puppy
gs://ociautomltest-vcm/41956468.jpg,Young
gs://ociautomltest-vcm/41956072.jpg,Puppy
gs://ociautomltest-vcm/41808116.jpg,Senior
gs://ociautomltest-vcm/41960155.jpg,Puppy
gs://ociautomltest-vcm/42032494.jpg,Young
gs://ociautomltest-vcm/42032459.jpg,Adult
gs://ociautomltest-vcm/42032446.jpg,Puppy
gs://ociautomltest-vcm/42032440.jpg,Adult
gs://ociautomltest-vcm/42032437.jpg,Young
gs://ociautomltest-vcm/41966467.jpg,Adult
gs://ociautomltest-vcm/41966445.jpg,Adult
gs://ociautomltest-vcm/41966317.jpg,Adult
gs://ociautomltest-vcm/41966046.jpg,Adult
gs://ociautomltest-vcm/41965988.jpg,Adult
gs://ociautomltest-vcm/41965857.jpg,Young
gs://ociautomltest-vcm/41965335.jpg,Adult
gs://ociautomltest-vcm/41912798.jpg,Adult
gs://ociautomltest-vcm/41912738.jpg,Young
gs://ociautomltest-vcm/41897679.jpg,Young
gs://ociautomltest-vcm/41835128.jpg,Adult
gs://ociautomltest-vcm/41835112.jpg,Adult
gs://ociautomltest-vcm/41805375.jpg,Adult
gs://ociautomltest-vcm/41805370.jpg,Adult
gs://ociautomltest-vcm/41712665.jpg,Adult
gs://ociautomltest-vcm/41712596.jpg,Adult
gs://ociautomltest-vcm/41712589.jpg,Adult
gs://ociautomltest-vcm/41647643.jpg,Adult
gs://ociautomltest-vcm/41551632.jpg,Adult
gs://ociautomltest-vcm/41551602.jpg,Adult
gs://ociautomltest-vcm/41491761.jpg,Adult
gs://ociautomltest-vcm/41491721.jpg,Adult
gs://ociautomltest-vcm/41396253.jpg,Adult
gs://ociautomltest-vcm/41333634.jpg,Puppy
gs://ociautomltest-vcm/42005692.jpg,Adult
gs://ociautomltest-vcm/41937976.jpg,Adult
gs://ociautomltest-vcm/41715604.jpg,Puppy
gs://ociautomltest-vcm/41715502.jpg,Puppy
gs://ociautomltest-vcm/41524691.jpg,Adult
gs://ociautomltest-vcm/40813291.jpg,Young
gs://ociautomltest-vcm/40813276.jpg,Young
gs://ociautomltest-vcm/40813191.jpg,Young
gs://ociautomltest-vcm/40813165.jpg,Young
gs://ociautomltest-vcm/40813155.jpg,Young
gs://ociautomltest-vcm/40641462.jpg,Adult
gs://ociautomltest-vcm/40389595.jpg,Adult
gs://ociautomltest-vcm/39879838.jpg,Senior
gs://ociautomltest-vcm/39792742.jpg,Young
gs://ociautomltest-vcm/39722204.jpg,Young
gs://ociautomltest-vcm/39362458.jpg,Senior
gs://ociautomltest-vcm/39013601.jpg,Adult
gs://ociautomltest-vcm/38031826.jpg,Young
gs://ociautomltest-vcm/37605024.jpg,Young
gs://ociautomltest-vcm/35342871.jpg,Young
gs://ociautomltest-vcm/35341996.jpg,Young
gs://ociautomltest-vcm/33655314.jpg,Adult
gs://ociautomltest-vcm/39378164.jpg,Adult
gs://ociautomltest-vcm/38851067.jpg,Adult
gs://ociautomltest-vcm/37812982.jpg,Adult
gs://ociautomltest-vcm/37812452.jpg,Young
gs://ociautomltest-vcm/37812309.jpg,Adult
gs://ociautomltest-vcm/37810544.jpg,Adult
gs://ociautomltest-vcm/37808351.jpg,Adult
gs://ociautomltest-vcm/37808285.jpg,Adult
gs://ociautomltest-vcm/37770653.jpg,Adult
gs://ociautomltest-vcm/37770565.jpg,Senior
gs://ociautomltest-vcm/37770389.jpg,Adult
gs://ociautomltest-vcm/36672698.jpg,Young
gs://ociautomltest-vcm/36596515.jpg,Young
gs://ociautomltest-vcm/36515705.jpg,Young
gs://ociautomltest-vcm/35567807.jpg,Adult
gs://ociautomltest-vcm/35567800.jpg,Young
gs://ociautomltest-vcm/34726744.jpg,Adult
gs://ociautomltest-vcm/34726636.jpg,Adult
gs://ociautomltest-vcm/32533149.jpg,Young
gs://ociautomltest-vcm/32529191.jpg,Adult
gs://ociautomltest-vcm/31005322.jpg,Young
gs://ociautomltest-vcm/31005220.jpg,Young
gs://ociautomltest-vcm/42008595.jpg,Young
gs://ociautomltest-vcm/41899597.jpg,Young
gs://ociautomltest-vcm/41742749.jpg,Adult
gs://ociautomltest-vcm/40996245.jpg,Young
gs://ociautomltest-vcm/41718540.jpg,Puppy
gs://ociautomltest-vcm/41698841.jpg,Young
gs://ociautomltest-vcm/41698747.jpg,Young
gs://ociautomltest-vcm/41421803.jpg,Young
gs://ociautomltest-vcm/41102057.jpg,Young
gs://ociautomltest-vcm/40056857.jpg,Young
gs://ociautomltest-vcm/36174831.jpg,Adult
gs://ociautomltest-vcm/42091130.jpg,Adult
gs://ociautomltest-vcm/42084410.jpg,Young
gs://ociautomltest-vcm/42084412.jpg,Adult
gs://ociautomltest-vcm/42084413.jpg,Adult
gs://ociautomltest-vcm/42084411.jpg,Young
gs://ociautomltest-vcm/42084409.jpg,Adult
gs://ociautomltest-vcm/42080241.jpg,Young
gs://ociautomltest-vcm/42080240.jpg,Senior
gs://ociautomltest-vcm/42080242.jpg,Adult
gs://ociautomltest-vcm/42080243.jpg,Young
gs://ociautomltest-vcm/42072106.jpg,Puppy
gs://ociautomltest-vcm/42072104.jpg,Young
gs://ociautomltest-vcm/42072107.jpg,Puppy
gs://ociautomltest-vcm/42072110.jpg,Adult
gs://ociautomltest-vcm/42059897.jpg,Young
gs://ociautomltest-vcm/42045136.jpg,Puppy
gs://ociautomltest-vcm/42045129.jpg,Puppy
gs://ociautomltest-vcm/42045122.jpg,Puppy
gs://ociautomltest-vcm/42045117.jpg,Puppy
gs://ociautomltest-vcm/42045107.jpg,Puppy
gs://ociautomltest-vcm/42024339.jpg,Puppy
gs://ociautomltest-vcm/41989115.jpg,Puppy
gs://ociautomltest-vcm/41941995.jpg,Young
gs://ociautomltest-vcm/41837656.jpg,Young
gs://ociautomltest-vcm/41837590.jpg,Puppy
gs://ociautomltest-vcm/41763439.jpg,Senior
gs://ociautomltest-vcm/42013463.jpg,Senior
gs://ociautomltest-vcm/41949142.jpg,Puppy
gs://ociautomltest-vcm/41933230.jpg,Puppy
gs://ociautomltest-vcm/41933217.jpg,Puppy
gs://ociautomltest-vcm/41929925.jpg,Adult
gs://ociautomltest-vcm/41869145.jpg,Puppy
gs://ociautomltest-vcm/41672019.jpg,Puppy
gs://ociautomltest-vcm/41483366.jpg,Senior
gs://ociautomltest-vcm/41435578.jpg,Senior
gs://ociautomltest-vcm/41405417.jpg,Puppy
gs://ociautomltest-vcm/41218986.jpg,Puppy
gs://ociautomltest-vcm/40053441.jpg,Adult
gs://ociautomltest-vcm/39490943.jpg,Adult
gs://ociautomltest-vcm/38082748.jpg,Adult
gs://ociautomltest-vcm/37294910.jpg,Adult
gs://ociautomltest-vcm/37280005.jpg,Adult
gs://ociautomltest-vcm/32722232.jpg,Adult
gs://ociautomltest-vcm/41867774.jpg,Young
gs://ociautomltest-vcm/41867773.jpg,Young
gs://ociautomltest-vcm/41496674.jpg,Adult
gs://ociautomltest-vcm/41496693.jpg,Young
gs://ociautomltest-vcm/42045679.jpg,Puppy
gs://ociautomltest-vcm/41974381.jpg,Puppy
gs://ociautomltest-vcm/41862948.jpg,Adult
gs://ociautomltest-vcm/41830640.jpg,Young
gs://ociautomltest-vcm/41788586.jpg,Young
gs://ociautomltest-vcm/41771741.jpg,Adult
gs://ociautomltest-vcm/41759925.jpg,Adult
gs://ociautomltest-vcm/41759926.jpg,Young
gs://ociautomltest-vcm/41666075.jpg,Young
gs://ociautomltest-vcm/41657521.jpg,Young
gs://ociautomltest-vcm/41610304.jpg,Adult
gs://ociautomltest-vcm/41551939.jpg,Adult
gs://ociautomltest-vcm/41495666.jpg,Adult
gs://ociautomltest-vcm/41462310.jpg,Young
gs://ociautomltest-vcm/41323901.jpg,Adult
gs://ociautomltest-vcm/41192549.jpg,Adult
gs://ociautomltest-vcm/41192550.jpg,Adult
gs://ociautomltest-vcm/41192548.jpg,Adult
gs://ociautomltest-vcm/41192547.jpg,Adult
gs://ociautomltest-vcm/41005996.jpg,Adult
gs://ociautomltest-vcm/40832112.jpg,Young
gs://ociautomltest-vcm/41882895.jpg,Adult
gs://ociautomltest-vcm/41882841.jpg,Puppy
gs://ociautomltest-vcm/41882818.jpg,Young
gs://ociautomltest-vcm/42067231.jpg,Puppy
gs://ociautomltest-vcm/42067223.jpg,Puppy
gs://ociautomltest-vcm/42067199.jpg,Puppy
gs://ociautomltest-vcm/42067191.jpg,Puppy
gs://ociautomltest-vcm/42067178.jpg,Puppy
gs://ociautomltest-vcm/42067166.jpg,Puppy
gs://ociautomltest-vcm/42067136.jpg,Puppy
gs://ociautomltest-vcm/41938377.jpg,Young
gs://ociautomltest-vcm/41890339.jpg,Young
gs://ociautomltest-vcm/41881895.jpg,Young
gs://ociautomltest-vcm/41759664.jpg,Senior
gs://ociautomltest-vcm/41758952.jpg,Young
gs://ociautomltest-vcm/41750972.jpg,Adult
gs://ociautomltest-vcm/41664895.jpg,Young
gs://ociautomltest-vcm/40868427.jpg,Young
gs://ociautomltest-vcm/40388776.jpg,Adult
gs://ociautomltest-vcm/40082696.jpg,Adult
gs://ociautomltest-vcm/42088891.jpg,Puppy
gs://ociautomltest-vcm/42088892.jpg,Puppy
gs://ociautomltest-vcm/42088893.jpg,Puppy
gs://ociautomltest-vcm/42088890.jpg,Puppy
gs://ociautomltest-vcm/42077670.jpg,Puppy
gs://ociautomltest-vcm/42018911.jpg,Puppy
gs://ociautomltest-vcm/42018914.jpg,Adult
gs://ociautomltest-vcm/42014084.jpg,Puppy
gs://ociautomltest-vcm/41998424.jpg,Puppy
gs://ociautomltest-vcm/41998425.jpg,Puppy
gs://ociautomltest-vcm/41995089.jpg,Puppy
gs://ociautomltest-vcm/41995081.jpg,Puppy
gs://ociautomltest-vcm/41973276.jpg,Puppy
gs://ociautomltest-vcm/41827276.jpg,Adult
gs://ociautomltest-vcm/41785073.jpg,Adult
gs://ociautomltest-vcm/41781583.jpg,Adult
gs://ociautomltest-vcm/41692030.jpg,Puppy
gs://ociautomltest-vcm/41689941.jpg,Puppy
gs://ociautomltest-vcm/41614967.jpg,Puppy
gs://ociautomltest-vcm/41614971.jpg,Puppy
gs://ociautomltest-vcm/41612499.jpg,Puppy
gs://ociautomltest-vcm/41612432.jpg,Puppy
gs://ociautomltest-vcm/41474201.jpg,Senior
gs://ociautomltest-vcm/41474202.jpg,Senior
gs://ociautomltest-vcm/41473180.jpg,Senior
gs://ociautomltest-vcm/41473172.jpg,Senior
gs://ociautomltest-vcm/41415769.jpg,Puppy
gs://ociautomltest-vcm/41402240.jpg,Young
gs://ociautomltest-vcm/41398066.jpg,Young
gs://ociautomltest-vcm/41308243.jpg,Adult
gs://ociautomltest-vcm/41224306.jpg,Puppy
gs://ociautomltest-vcm/40706898.jpg,Young
gs://ociautomltest-vcm/40704400.jpg,Young
gs://ociautomltest-vcm/39941988.jpg,Adult
gs://ociautomltest-vcm/42082722.jpg,Adult
gs://ociautomltest-vcm/42082720.jpg,Adult
gs://ociautomltest-vcm/42082721.jpg,Adult
gs://ociautomltest-vcm/42076615.jpg,Young
gs://ociautomltest-vcm/42076614.jpg,Young
gs://ociautomltest-vcm/42056201.jpg,Young
gs://ociautomltest-vcm/42056199.jpg,Puppy
gs://ociautomltest-vcm/42047726.jpg,Puppy
gs://ociautomltest-vcm/42037848.jpg,Young
gs://ociautomltest-vcm/42037849.jpg,Puppy
gs://ociautomltest-vcm/42037850.jpg,Puppy
gs://ociautomltest-vcm/42037851.jpg,Puppy
gs://ociautomltest-vcm/42027252.jpg,Adult
gs://ociautomltest-vcm/42027251.jpg,Young
gs://ociautomltest-vcm/42009152.jpg,Puppy
gs://ociautomltest-vcm/41953118.jpg,Young
gs://ociautomltest-vcm/41926234.jpg,Young
gs://ociautomltest-vcm/41900726.jpg,Adult
gs://ociautomltest-vcm/41900723.jpg,Young
gs://ociautomltest-vcm/41900725.jpg,Young
gs://ociautomltest-vcm/41893587.jpg,Adult
gs://ociautomltest-vcm/41893584.jpg,Adult
gs://ociautomltest-vcm/41893585.jpg,Adult
gs://ociautomltest-vcm/41893586.jpg,Adult
gs://ociautomltest-vcm/41756479.jpg,Adult
gs://ociautomltest-vcm/41710205.jpg,Senior
gs://ociautomltest-vcm/41604677.jpg,Adult
gs://ociautomltest-vcm/41580049.jpg,Young
gs://ociautomltest-vcm/41564269.jpg,Adult
gs://ociautomltest-vcm/41537894.jpg,Adult
gs://ociautomltest-vcm/41521869.jpg,Senior
gs://ociautomltest-vcm/41471656.jpg,Adult
gs://ociautomltest-vcm/41444239.jpg,Young
gs://ociautomltest-vcm/41437188.jpg,Young
gs://ociautomltest-vcm/41433219.jpg,Adult
gs://ociautomltest-vcm/41433218.jpg,Adult
gs://ociautomltest-vcm/41428192.jpg,Young
gs://ociautomltest-vcm/41391832.jpg,Adult
gs://ociautomltest-vcm/41391833.jpg,Adult
gs://ociautomltest-vcm/41382382.jpg,Young
gs://ociautomltest-vcm/41382381.jpg,Adult
gs://ociautomltest-vcm/41165002.jpg,Adult
gs://ociautomltest-vcm/41140890.jpg,Senior
gs://ociautomltest-vcm/41133140.jpg,Adult
gs://ociautomltest-vcm/41133138.jpg,Young
gs://ociautomltest-vcm/41034442.jpg,Young
gs://ociautomltest-vcm/41008914.jpg,Adult
gs://ociautomltest-vcm/41008915.jpg,Adult
gs://ociautomltest-vcm/40971788.jpg,Adult
gs://ociautomltest-vcm/40933422.jpg,Adult
gs://ociautomltest-vcm/40634083.jpg,Adult
gs://ociautomltest-vcm/40575487.jpg,Adult
gs://ociautomltest-vcm/40565763.jpg,Young
gs://ociautomltest-vcm/40121808.jpg,Senior
gs://ociautomltest-vcm/40121807.jpg,Senior
gs://ociautomltest-vcm/40107587.jpg,Young
gs://ociautomltest-vcm/40107588.jpg,Young
gs://ociautomltest-vcm/40064958.jpg,Young
gs://ociautomltest-vcm/39944164.jpg,Adult
gs://ociautomltest-vcm/39921988.jpg,Young
gs://ociautomltest-vcm/39613859.jpg,Adult
gs://ociautomltest-vcm/39448025.jpg,Adult
gs://ociautomltest-vcm/39356675.jpg,Senior
gs://ociautomltest-vcm/39325237.jpg,Adult
gs://ociautomltest-vcm/39203015.jpg,Adult
gs://ociautomltest-vcm/38571307.jpg,Adult
gs://ociautomltest-vcm/38534381.jpg,Adult
gs://ociautomltest-vcm/38148927.jpg,Adult
gs://ociautomltest-vcm/37317336.jpg,Adult
gs://ociautomltest-vcm/37228846.jpg,Adult
gs://ociautomltest-vcm/37228847.jpg,Adult
gs://ociautomltest-vcm/37158439.jpg,Adult
gs://ociautomltest-vcm/36974211.jpg,Senior
gs://ociautomltest-vcm/36570547.jpg,Adult
gs://ociautomltest-vcm/36118577.jpg,Adult
gs://ociautomltest-vcm/36096913.jpg,Adult
gs://ociautomltest-vcm/36096893.jpg,Adult
gs://ociautomltest-vcm/36096899.jpg,Senior
gs://ociautomltest-vcm/36096860.jpg,Adult
gs://ociautomltest-vcm/36096874.jpg,Adult
gs://ociautomltest-vcm/36096859.jpg,Adult
gs://ociautomltest-vcm/36096863.jpg,Adult
gs://ociautomltest-vcm/36096864.jpg,Adult
gs://ociautomltest-vcm/36096878.jpg,Adult
gs://ociautomltest-vcm/36096847.jpg,Adult
gs://ociautomltest-vcm/36096793.jpg,Adult
gs://ociautomltest-vcm/42076263.jpg,Adult
gs://ociautomltest-vcm/42047342.jpg,Young
gs://ociautomltest-vcm/42026768.jpg,Adult
gs://ociautomltest-vcm/42026767.jpg,Young
gs://ociautomltest-vcm/41997469.jpg,Puppy
gs://ociautomltest-vcm/41043139.jpg,Young
gs://ociautomltest-vcm/38855333.jpg,Young
gs://ociautomltest-vcm/38698104.jpg,Young
gs://ociautomltest-vcm/38674345.jpg,Young
gs://ociautomltest-vcm/38643395.jpg,Young
gs://ociautomltest-vcm/37664178.jpg,Young
gs://ociautomltest-vcm/37661980.jpg,Young
gs://ociautomltest-vcm/37661900.jpg,Young
gs://ociautomltest-vcm/42082800.jpg,Puppy
gs://ociautomltest-vcm/42082802.jpg,Puppy
gs://ociautomltest-vcm/42082801.jpg,Puppy
gs://ociautomltest-vcm/42082803.jpg,Puppy
gs://ociautomltest-vcm/41795360.jpg,Senior
gs://ociautomltest-vcm/41784280.jpg,Adult
gs://ociautomltest-vcm/41784281.jpg,Young
gs://ociautomltest-vcm/41784282.jpg,Senior
gs://ociautomltest-vcm/41777669.jpg,Young
gs://ociautomltest-vcm/39713392.jpg,Senior
gs://ociautomltest-vcm/39713395.jpg,Adult
gs://ociautomltest-vcm/39713179.jpg,Adult
gs://ociautomltest-vcm/39713177.jpg,Senior
gs://ociautomltest-vcm/38487638.jpg,Senior
gs://ociautomltest-vcm/38487640.jpg,Adult
gs://ociautomltest-vcm/38487498.jpg,Adult
gs://ociautomltest-vcm/38487495.jpg,Senior
gs://ociautomltest-vcm/36317517.jpg,Adult
gs://ociautomltest-vcm/36145377.jpg,Adult
gs://ociautomltest-vcm/34813616.jpg,Senior
gs://ociautomltest-vcm/31435473.jpg,Young
gs://ociautomltest-vcm/31435449.jpg,Adult
gs://ociautomltest-vcm/28340106.jpg,Adult
gs://ociautomltest-vcm/26956731.jpg,Adult
gs://ociautomltest-vcm/25016050.jpg,Senior
gs://ociautomltest-vcm/41357286.jpg,Young
gs://ociautomltest-vcm/42007404.jpg,Adult
gs://ociautomltest-vcm/41793214.jpg,Puppy
gs://ociautomltest-vcm/41978459.jpg,Young
gs://ociautomltest-vcm/41978460.jpg,Young
gs://ociautomltest-vcm/41978461.jpg,Young
gs://ociautomltest-vcm/41978462.jpg,Young
gs://ociautomltest-vcm/41869269.jpg,Adult
gs://ociautomltest-vcm/41869270.jpg,Adult
gs://ociautomltest-vcm/41663651.jpg,Adult
gs://ociautomltest-vcm/41652011.jpg,Adult
gs://ociautomltest-vcm/41652012.jpg,Adult
gs://ociautomltest-vcm/41313629.jpg,Young
gs://ociautomltest-vcm/41076718.jpg,Adult
gs://ociautomltest-vcm/40874141.jpg,Adult
gs://ociautomltest-vcm/40685835.jpg,Adult
gs://ociautomltest-vcm/42085169.jpg,Puppy
gs://ociautomltest-vcm/42043044.jpg,Young
gs://ociautomltest-vcm/42043026.jpg,Puppy
gs://ociautomltest-vcm/42042980.jpg,Puppy
gs://ociautomltest-vcm/39871789.jpg,Adult
gs://ociautomltest-vcm/39871749.jpg,Adult
gs://ociautomltest-vcm/11921101.jpg,Adult
gs://ociautomltest-vcm/41221398.jpg,Adult
gs://ociautomltest-vcm/41053068.jpg,Young
gs://ociautomltest-vcm/41053060.jpg,Adult
gs://ociautomltest-vcm/40942331.jpg,Adult
gs://ociautomltest-vcm/40704426.jpg,Adult
gs://ociautomltest-vcm/40585126.jpg,Young
gs://ociautomltest-vcm/40584958.jpg,Young
gs://ociautomltest-vcm/40183110.jpg,Young
gs://ociautomltest-vcm/39742420.jpg,Adult
gs://ociautomltest-vcm/39716715.jpg,Adult
gs://ociautomltest-vcm/38902146.jpg,Adult
gs://ociautomltest-vcm/41968879.jpg,Adult
gs://ociautomltest-vcm/41442644.jpg,Young
gs://ociautomltest-vcm/41442581.jpg,Young
gs://ociautomltest-vcm/40754198.jpg,Young
gs://ociautomltest-vcm/32940254.jpg,Senior
gs://ociautomltest-vcm/42012569.jpg,Senior
gs://ociautomltest-vcm/42012546.jpg,Young
gs://ociautomltest-vcm/42012533.jpg,Young
gs://ociautomltest-vcm/42012521.jpg,Young
gs://ociautomltest-vcm/41940669.jpg,Puppy
gs://ociautomltest-vcm/41939395.jpg,Adult
gs://ociautomltest-vcm/41939310.jpg,Adult
gs://ociautomltest-vcm/41939113.jpg,Puppy
gs://ociautomltest-vcm/41939050.jpg,Puppy
gs://ociautomltest-vcm/41939010.jpg,Puppy
gs://ociautomltest-vcm/41938545.jpg,Adult
gs://ociautomltest-vcm/41938331.jpg,Puppy
gs://ociautomltest-vcm/41938207.jpg,Senior
gs://ociautomltest-vcm/41544783.jpg,Adult
gs://ociautomltest-vcm/40389023.jpg,Adult
gs://ociautomltest-vcm/42059635.jpg,Young
gs://ociautomltest-vcm/42051206.jpg,Young
gs://ociautomltest-vcm/42051207.jpg,Adult
gs://ociautomltest-vcm/42051208.jpg,Young
gs://ociautomltest-vcm/41978751.jpg,Young
gs://ociautomltest-vcm/41969063.jpg,Young
gs://ociautomltest-vcm/41959870.jpg,Young
gs://ociautomltest-vcm/41959871.jpg,Young
gs://ociautomltest-vcm/41959872.jpg,Young
gs://ociautomltest-vcm/41931485.jpg,Young
gs://ociautomltest-vcm/41888624.jpg,Young
gs://ociautomltest-vcm/41792486.jpg,Adult
gs://ociautomltest-vcm/41792494.jpg,Adult
gs://ociautomltest-vcm/41716820.jpg,Young
gs://ociautomltest-vcm/41592955.jpg,Adult
gs://ociautomltest-vcm/41534602.jpg,Young
gs://ociautomltest-vcm/41489942.jpg,Adult
gs://ociautomltest-vcm/41356435.jpg,Adult
gs://ociautomltest-vcm/42073493.jpg,Senior
gs://ociautomltest-vcm/42073486.jpg,Adult
gs://ociautomltest-vcm/42073480.jpg,Young
gs://ociautomltest-vcm/42073477.jpg,Adult
gs://ociautomltest-vcm/42073472.jpg,Adult
gs://ociautomltest-vcm/42073469.jpg,Adult
gs://ociautomltest-vcm/42073468.jpg,Adult
gs://ociautomltest-vcm/42007248.jpg,Senior
gs://ociautomltest-vcm/41942328.jpg,Senior
gs://ociautomltest-vcm/41829805.jpg,Puppy
gs://ociautomltest-vcm/41770772.jpg,Adult
gs://ociautomltest-vcm/41770861.jpg,Young
gs://ociautomltest-vcm/41770733.jpg,Adult
gs://ociautomltest-vcm/41770697.jpg,Senior
gs://ociautomltest-vcm/40966505.jpg,Adult
gs://ociautomltest-vcm/40958784.jpg,Adult
